candle_begin_time,指数净值,btc_净值,选币,开平仓标识
2021-04-01,0.9748672986332768,0.9997750277006708,MATIC-USDT TRX-USDT XRP-USDT ,
2021-04-02,1.0403052343873664,1.0038110953685295,MATIC-USDT TRX-USDT XRP-USDT ,
2021-04-03,1.0263168320079696,0.9715580938673538,MATIC-USDT TRX-USDT XRP-USDT ,
2021-04-04,1.1608792217104362,0.9902625935173968,MATIC-USDT TRX-USDT XRP-USDT ,
2021-04-05,1.365987424802225,1.007416603805926,MATIC-USDT TRX-USDT XRP-USDT ,
2021-04-06,1.4328792964207442,0.9872932312415954,MATIC-USDT TRX-USDT XRP-USDT ,
2021-04-07,1.2427780630598733,0.9525728464726452,MATIC-USDT TRX-USDT XRP-USDT ,
2021-04-08,1.389233674897139,0.9883521144675388,MATIC-USDT TRX-USDT XRP-USDT ,
2021-04-09,1.3485769619948014,0.9892664576674576,MATIC-USDT TRX-USDT XRP-USDT ,
2021-04-10,1.5877968206147852,1.0174330575623007,MATIC-USDT TRX-USDT XRP-USDT ,
2021-04-11,1.5713552438973932,1.021816361386795,MATIC-USDT TRX-USDT XRP-USDT ,
2021-04-12,1.64985869187118,1.01877217839164,MATIC-USDT TRX-USDT XRP-USDT ,
2021-04-13,1.9650848055044412,1.082344792920055,MATIC-USDT TRX-USDT XRP-USDT ,
2021-04-14,1.958879264701065,1.0716214534128787,MATIC-USDT TRX-USDT XRP-USDT ,
2021-04-15,2.0231257646236718,1.0752511085369765,MATIC-USDT TRX-USDT XRP-USDT ,
2021-04-16,1.883775470238218,1.044508635331297,MATIC-USDT TRX-USDT XRP-USDT ,
2021-04-17,1.827282673518768,1.0218153411042583,MATIC-USDT TRX-USDT XRP-USDT ,
2021-04-18,1.6701491150253571,0.9546452103516504,MATIC-USDT TRX-USDT XRP-USDT ,
2021-04-19,1.529680111593232,0.9460466092270264,MATIC-USDT TRX-USDT XRP-USDT ,
2021-04-20,1.6004090477642088,0.9592451541680912,MATIC-USDT TRX-USDT XRP-USDT ,
2021-04-21,1.522171423375718,0.9148533411872406,MATIC-USDT TRX-USDT XRP-USDT ,
2021-04-22,1.3905701844603942,0.8793918912025112,MATIC-USDT TRX-USDT XRP-USDT ,
2021-04-23,1.4255258182995794,0.869325273554752,MATIC-USDT TRX-USDT XRP-USDT ,
2021-04-24,1.3064375220668267,0.8518066823064634,MATIC-USDT TRX-USDT XRP-USDT ,
2021-04-25,1.3234956569236356,0.8343180193459162,MATIC-USDT TRX-USDT XRP-USDT ,
2021-04-26,1.7123188281195711,0.9179878191868884,MATIC-USDT TRX-USDT XRP-USDT ,
2021-04-27,2.0358294792975453,0.9353652713509408,MATIC-USDT TRX-USDT XRP-USDT ,
2021-04-28,1.9520943910931263,0.9329084310027118,MATIC-USDT TRX-USDT XRP-USDT ,
2021-04-29,2.0747355994021413,0.9107518053899474,MATIC-USDT TRX-USDT XRP-USDT ,
2021-04-30,2.1673944520601385,0.9809023514791702,MATIC-USDT TRX-USDT XRP-USDT ,1.0
2021-05-01,2.129495710659944,0.9834901280862686,ADA-USDT MATIC-USDT TRX-USDT ,
2021-05-02,2.1274674143881853,0.9629822790527144,ADA-USDT MATIC-USDT TRX-USDT ,
2021-05-03,2.1468484332757867,0.9729215314304832,ADA-USDT MATIC-USDT TRX-USDT ,
2021-05-04,1.9470305367640732,0.9057272539911748,ADA-USDT MATIC-USDT TRX-USDT ,
2021-05-05,2.306133827317397,0.9777328437790987,ADA-USDT MATIC-USDT TRX-USDT ,
2021-05-06,2.3818597185167447,0.9596667009028133,ADA-USDT MATIC-USDT TRX-USDT ,
2021-05-07,2.3480140159346368,0.9752350220823142,ADA-USDT MATIC-USDT TRX-USDT ,
2021-05-08,2.393968928202203,1.002002134431066,ADA-USDT MATIC-USDT TRX-USDT ,
2021-05-09,2.578828471972179,0.9912475062594333,ADA-USDT MATIC-USDT TRX-USDT ,
2021-05-10,2.339505692914553,0.950047477147371,ADA-USDT MATIC-USDT TRX-USDT ,
2021-05-11,2.6341829603881712,0.9643443562391294,ADA-USDT MATIC-USDT TRX-USDT ,
2021-05-12,2.4128872270881847,0.8433614636565153,ADA-USDT MATIC-USDT TRX-USDT ,
2021-05-13,2.617679396246129,0.8452683717174951,ADA-USDT MATIC-USDT TRX-USDT ,
2021-05-14,3.048609326143215,0.848080440435564,ADA-USDT MATIC-USDT TRX-USDT ,
2021-05-15,3.220897343537452,0.7957083175472943,ADA-USDT MATIC-USDT TRX-USDT ,
2021-05-16,3.395142666084818,0.7895163928795157,ADA-USDT MATIC-USDT TRX-USDT ,
2021-05-17,3.2203814830788984,0.7408302107019471,ADA-USDT MATIC-USDT TRX-USDT ,
2021-05-18,3.8533721898562376,0.7292049414323808,ADA-USDT MATIC-USDT TRX-USDT ,
2021-05-19,2.636302825483259,0.6238881471056958,ADA-USDT MATIC-USDT TRX-USDT ,
2021-05-20,3.0546385548178483,0.6886958136447141,ADA-USDT MATIC-USDT TRX-USDT ,
2021-05-21,2.555177745441039,0.6327625646093912,ADA-USDT MATIC-USDT TRX-USDT ,
2021-05-22,2.239115782791228,0.6365301279230238,ADA-USDT MATIC-USDT TRX-USDT ,
2021-05-23,1.984099080764996,0.5892403724439363,ADA-USDT MATIC-USDT TRX-USDT ,
2021-05-24,2.783193155894544,0.659436831247308,ADA-USDT MATIC-USDT TRX-USDT ,
2021-05-25,2.9428577859334384,0.6517367589432852,ADA-USDT MATIC-USDT TRX-USDT ,
2021-05-26,3.340109272833488,0.6669961045612738,ADA-USDT MATIC-USDT TRX-USDT ,
2021-05-27,3.1082898637357395,0.6551468832749152,ADA-USDT MATIC-USDT TRX-USDT ,
2021-05-28,2.796994387049794,0.6065748026943608,ADA-USDT MATIC-USDT TRX-USDT ,
2021-05-29,2.6112365788026253,0.5885659656872173,ADA-USDT MATIC-USDT TRX-USDT ,
2021-05-30,2.867017273171959,0.6062486523768155,ADA-USDT MATIC-USDT TRX-USDT ,1.0
2021-05-31,3.0811245184585787,0.6333128369908189,MATIC-USDT TRX-USDT XRP-USDT ,
2021-06-01,3.0180245936382986,0.623960757212887,MATIC-USDT TRX-USDT XRP-USDT ,
2021-06-02,3.044083189289252,0.6388667449790191,MATIC-USDT TRX-USDT XRP-USDT ,
2021-06-03,3.1355205076715955,0.6673906138087762,MATIC-USDT TRX-USDT XRP-USDT ,
2021-06-04,2.886403723166997,0.6262499311309287,MATIC-USDT TRX-USDT XRP-USDT ,
2021-06-05,2.7622038472863983,0.6036437010136849,MATIC-USDT TRX-USDT XRP-USDT ,
2021-06-06,2.841548326288386,0.6087976582475222,MATIC-USDT TRX-USDT XRP-USDT ,
2021-06-07,2.6248997546987662,0.5705243095918124,MATIC-USDT TRX-USDT XRP-USDT ,
2021-06-08,2.643157424984476,0.5674910096103815,MATIC-USDT TRX-USDT XRP-USDT ,
2021-06-09,2.741117811392447,0.6354396159384458,MATIC-USDT TRX-USDT XRP-USDT ,
2021-06-10,2.5828999093750897,0.6235568953754678,MATIC-USDT TRX-USDT XRP-USDT ,
2021-06-11,2.456495378690245,0.6342827855889857,MATIC-USDT TRX-USDT XRP-USDT ,
2021-06-12,2.4708667501533146,0.6042971919784028,MATIC-USDT TRX-USDT XRP-USDT ,
2021-06-13,2.636885808219403,0.6630756689142357,MATIC-USDT TRX-USDT XRP-USDT ,
2021-06-14,2.693086746304038,0.6885053609045414,MATIC-USDT TRX-USDT XRP-USDT ,
2021-06-15,2.705508196058264,0.6824476033903306,MATIC-USDT TRX-USDT XRP-USDT ,
2021-06-16,2.5539741152322044,0.6520450543164411,MATIC-USDT TRX-USDT XRP-USDT ,
2021-06-17,2.6440194779534507,0.6472112957520193,MATIC-USDT TRX-USDT XRP-USDT ,
2021-06-18,2.475121650998928,0.6089626039242788,MATIC-USDT TRX-USDT XRP-USDT ,
2021-06-19,2.405605603860236,0.6033780874599796,MATIC-USDT TRX-USDT XRP-USDT ,
2021-06-20,2.4359511198470165,0.6051744649128238,MATIC-USDT TRX-USDT XRP-USDT ,
2021-06-21,1.91545447398822,0.5374508308840886,MATIC-USDT TRX-USDT XRP-USDT ,
2021-06-22,1.806995606812901,0.5525850218442494,MATIC-USDT TRX-USDT XRP-USDT ,
2021-06-23,2.048404752010934,0.5721914512566821,MATIC-USDT TRX-USDT XRP-USDT ,
2021-06-24,2.207538750350637,0.5891220196696871,MATIC-USDT TRX-USDT XRP-USDT ,
2021-06-25,1.9944043399815892,0.5368058422738425,MATIC-USDT TRX-USDT XRP-USDT ,
2021-06-26,2.037313352854463,0.5484964096257536,MATIC-USDT TRX-USDT XRP-USDT ,
2021-06-27,2.117234858648946,0.5898544124839051,MATIC-USDT TRX-USDT XRP-USDT ,
2021-06-28,2.1240621942890194,0.5864451383877224,MATIC-USDT TRX-USDT XRP-USDT ,
2021-06-29,2.251594044648627,0.6106605241123373,MATIC-USDT TRX-USDT XRP-USDT ,1.0
2021-06-30,2.252186649771881,0.5956985908537794,MATIC-USDT TRX-USDT XRP-USDT ,
2021-07-01,2.1012963090579198,0.5694870223462285,MATIC-USDT TRX-USDT XRP-USDT ,
2021-07-02,2.136454223651912,0.5740949583758737,MATIC-USDT TRX-USDT XRP-USDT ,
2021-07-03,2.168030509546085,0.5892631587539222,MATIC-USDT TRX-USDT XRP-USDT ,
2021-07-04,2.217700253072436,0.5999288522977781,MATIC-USDT TRX-USDT XRP-USDT ,
2021-07-05,2.1090807646754506,0.5725948029528335,MATIC-USDT TRX-USDT XRP-USDT ,
2021-07-06,2.1461737390289577,0.5816632441855797,MATIC-USDT TRX-USDT XRP-USDT ,
2021-07-07,2.124775615443707,0.5755352572234301,MATIC-USDT TRX-USDT XRP-USDT ,
2021-07-08,2.0014136785647123,0.5586393784166709,MATIC-USDT TRX-USDT XRP-USDT ,
2021-07-09,2.0366178917666717,0.5748443558990355,MATIC-USDT TRX-USDT XRP-USDT ,
2021-07-10,2.001580790535404,0.5696234001119589,MATIC-USDT TRX-USDT XRP-USDT ,
2021-07-11,2.026582315549786,0.5824760692731029,MATIC-USDT TRX-USDT XRP-USDT ,
2021-07-12,1.966582282167592,0.5623605188748866,MATIC-USDT TRX-USDT XRP-USDT ,
2021-07-13,1.9186968497657508,0.556208555273126,MATIC-USDT TRX-USDT XRP-USDT ,
2021-07-14,1.9143842691051045,0.5578056375371464,MATIC-USDT TRX-USDT XRP-USDT ,
2021-07-15,1.836681266876335,0.5418793672343742,MATIC-USDT TRX-USDT XRP-USDT ,
2021-07-16,1.7595150953643408,0.5336579305541284,MATIC-USDT TRX-USDT XRP-USDT ,
2021-07-17,1.7491355284576189,0.5355913659610612,MATIC-USDT TRX-USDT XRP-USDT ,
2021-07-18,1.7482991848045235,0.5401885890240717,MATIC-USDT TRX-USDT XRP-USDT ,
2021-07-19,1.6508717067452792,0.52414668670048,MATIC-USDT TRX-USDT XRP-USDT ,
2021-07-20,1.559136738382813,0.5063305130456717,MATIC-USDT TRX-USDT XRP-USDT ,
2021-07-21,1.7703456074712385,0.5461912512813036,MATIC-USDT TRX-USDT XRP-USDT ,
2021-07-22,1.802709145282532,0.5487098187229997,MATIC-USDT TRX-USDT XRP-USDT ,
2021-07-23,1.8729625510328227,0.5719442027886351,MATIC-USDT TRX-USDT XRP-USDT ,
2021-07-24,1.8855963264802509,0.5820711871531451,MATIC-USDT TRX-USDT XRP-USDT ,
2021-07-25,1.8844079719636628,0.6014677784572088,MATIC-USDT TRX-USDT XRP-USDT ,
2021-07-26,1.957039268561852,0.6328827879016243,MATIC-USDT TRX-USDT XRP-USDT ,
2021-07-27,2.01539629020887,0.6707053417232285,MATIC-USDT TRX-USDT XRP-USDT ,
2021-07-28,2.1001218634684453,0.6802407322635768,MATIC-USDT TRX-USDT XRP-USDT ,
2021-07-29,2.138045776777258,0.6804077185054073,MATIC-USDT TRX-USDT XRP-USDT ,1.0
2021-07-30,2.183337356457508,0.7176539827408992,XRP-USDT TRX-USDT MATIC-USDT ,
2021-07-31,2.197831844745678,0.7048130468289265,XRP-USDT TRX-USDT MATIC-USDT ,
2021-08-01,2.14462451004148,0.67758289625563,XRP-USDT TRX-USDT MATIC-USDT ,
2021-08-02,2.171782030765142,0.6656915032910903,XRP-USDT TRX-USDT MATIC-USDT ,
2021-08-03,2.125466220442941,0.6496353170119855,XRP-USDT TRX-USDT MATIC-USDT ,
2021-08-04,2.202957303975105,0.675619362513866,XRP-USDT TRX-USDT MATIC-USDT ,
2021-08-05,2.2447223606539146,0.6951933129322159,XRP-USDT TRX-USDT MATIC-USDT ,
2021-08-06,2.290259752674399,0.7282339725516774,XRP-USDT TRX-USDT MATIC-USDT ,
2021-08-07,2.453651436288211,0.7584288941293607,XRP-USDT TRX-USDT MATIC-USDT ,
2021-08-08,2.319830733047908,0.7445972638743101,XRP-USDT TRX-USDT MATIC-USDT ,
2021-08-09,2.4112536561803584,0.7866327343367906,XRP-USDT TRX-USDT MATIC-USDT ,
2021-08-10,2.4722507810439107,0.7752445107099041,XRP-USDT TRX-USDT MATIC-USDT ,
2021-08-11,2.874275849584752,0.7740904011138751,XRP-USDT TRX-USDT MATIC-USDT ,
2021-08-12,2.8071308179004686,0.7547555369032778,XRP-USDT TRX-USDT MATIC-USDT ,
2021-08-13,3.117330561176788,0.8126978923003343,XRP-USDT TRX-USDT MATIC-USDT ,
2021-08-14,3.2870642585514727,0.8006452946950054,XRP-USDT TRX-USDT MATIC-USDT ,
2021-08-15,3.311272652290906,0.7993236887158779,XRP-USDT TRX-USDT MATIC-USDT ,
2021-08-16,3.142396498452636,0.7809621740452357,XRP-USDT TRX-USDT MATIC-USDT ,
2021-08-17,2.9612558746872297,0.7601927925881226,XRP-USDT TRX-USDT MATIC-USDT ,
2021-08-18,2.987372294403912,0.760350086145855,XRP-USDT TRX-USDT MATIC-USDT ,
2021-08-19,3.2131526247020474,0.7953442467288037,XRP-USDT TRX-USDT MATIC-USDT ,
2021-08-20,3.322291216020855,0.8388888851100642,XRP-USDT TRX-USDT MATIC-USDT ,
2021-08-21,3.270637869932897,0.8306509538621428,XRP-USDT TRX-USDT MATIC-USDT ,
2021-08-22,3.307162309762162,0.8378777851162533,XRP-USDT TRX-USDT MATIC-USDT ,
2021-08-23,3.349553299482948,0.8421396753188887,XRP-USDT TRX-USDT MATIC-USDT ,
2021-08-24,3.0776797732126693,0.8114538277939921,XRP-USDT TRX-USDT MATIC-USDT ,
2021-08-25,3.185686361266907,0.833105753645299,XRP-USDT TRX-USDT MATIC-USDT ,
2021-08-26,2.927087815782649,0.7967226484358045,XRP-USDT TRX-USDT MATIC-USDT ,
2021-08-27,3.2043267628648318,0.8346587937131543,XRP-USDT TRX-USDT MATIC-USDT ,
2021-08-28,3.1217688573758604,0.8320742480007554,XRP-USDT TRX-USDT MATIC-USDT ,1.0
2021-08-29,3.089086732481117,0.8297517448531839,MATIC-USDT TRX-USDT XRP-USDT ,
2021-08-30,2.953717879073858,0.7996413366789521,MATIC-USDT TRX-USDT XRP-USDT ,
2021-08-31,3.076493059367364,0.8017774682164971,MATIC-USDT TRX-USDT XRP-USDT ,
2021-09-01,3.2892178031763617,0.8305599786692924,MATIC-USDT TRX-USDT XRP-USDT ,
2021-09-02,3.3406579979018933,0.838317526889545,MATIC-USDT TRX-USDT XRP-USDT ,
2021-09-03,3.408801763188638,0.850695934718241,MATIC-USDT TRX-USDT XRP-USDT ,
2021-09-04,3.574085284265404,0.8492277481480167,MATIC-USDT TRX-USDT XRP-USDT ,
2021-09-05,3.626918514930831,0.880836611274394,MATIC-USDT TRX-USDT XRP-USDT ,
2021-09-06,3.656915496742005,0.8958755758644686,MATIC-USDT TRX-USDT XRP-USDT ,
2021-09-07,2.998571620194054,0.7969153117881403,MATIC-USDT TRX-USDT XRP-USDT ,
2021-09-08,3.039889576734417,0.7832758347441572,MATIC-USDT TRX-USDT XRP-USDT ,
2021-09-09,3.057410689802924,0.7892545203617785,MATIC-USDT TRX-USDT XRP-USDT ,
2021-09-10,2.954306387856152,0.7628453571362983,MATIC-USDT TRX-USDT XRP-USDT ,
2021-09-11,3.042528776594548,0.7685070749792037,MATIC-USDT TRX-USDT XRP-USDT ,
2021-09-12,3.286568357884873,0.7830112414729891,MATIC-USDT TRX-USDT XRP-USDT ,
2021-09-13,3.08691119505225,0.7648031092770214,MATIC-USDT TRX-USDT XRP-USDT ,
2021-09-14,3.3272550628292965,0.8007037908937747,MATIC-USDT TRX-USDT XRP-USDT ,
2021-09-15,3.4483112832689677,0.8180305690251751,MATIC-USDT TRX-USDT XRP-USDT ,
2021-09-16,3.3410434700666114,0.8118991811212363,MATIC-USDT TRX-USDT XRP-USDT ,
2021-09-17,3.2237373606804867,0.8043756176960525,MATIC-USDT TRX-USDT XRP-USDT ,
2021-09-18,3.195440360865728,0.8210749220674187,MATIC-USDT TRX-USDT XRP-USDT ,
2021-09-19,3.109252772468873,0.8035900001428397,MATIC-USDT TRX-USDT XRP-USDT ,
2021-09-20,2.719398654672777,0.7316548098499436,MATIC-USDT TRX-USDT XRP-USDT ,
2021-09-21,2.5767458027291195,0.6925354769242695,MATIC-USDT TRX-USDT XRP-USDT ,
2021-09-22,2.947683327674652,0.740044933242913,MATIC-USDT TRX-USDT XRP-USDT ,
2021-09-23,2.948392678504254,0.7622920239072599,MATIC-USDT TRX-USDT XRP-USDT ,
2021-09-24,2.743383713471334,0.7277758656927273,MATIC-USDT TRX-USDT XRP-USDT ,
2021-09-25,2.7156157860423527,0.7252777039017643,MATIC-USDT TRX-USDT XRP-USDT ,
2021-09-26,2.6872544992320035,0.7337531909336328,MATIC-USDT TRX-USDT XRP-USDT ,
2021-09-27,2.618441993529115,0.7162840833883714,MATIC-USDT TRX-USDT XRP-USDT ,1.0
2021-09-28,2.533700441507211,0.6973005364645571,MATIC-USDT TRX-USDT XRP-USDT ,
2021-09-29,2.634468747882641,0.7056904898104371,MATIC-USDT TRX-USDT XRP-USDT ,
2021-09-30,2.718962862525203,0.7447479255955545,MATIC-USDT TRX-USDT XRP-USDT ,
2021-10-01,2.9708289819882787,0.8183335929385549,MATIC-USDT TRX-USDT XRP-USDT ,
2021-10-02,2.9717317416279254,0.809876641039435,MATIC-USDT TRX-USDT XRP-USDT ,
2021-10-03,3.0346172343076274,0.8194110112972471,MATIC-USDT TRX-USDT XRP-USDT ,
2021-10-04,2.9675374405820585,0.8366014116629162,MATIC-USDT TRX-USDT XRP-USDT ,
2021-10-05,3.066364138919811,0.8749793392786319,MATIC-USDT TRX-USDT XRP-USDT ,
2021-10-06,3.005109196213845,0.9407277063164317,MATIC-USDT TRX-USDT XRP-USDT ,
2021-10-07,3.0130521209288816,0.9151082417743104,MATIC-USDT TRX-USDT XRP-USDT ,
2021-10-08,3.086003150209196,0.91782916525244,MATIC-USDT TRX-USDT XRP-USDT ,
2021-10-09,3.2392759473118824,0.9345918971881672,MATIC-USDT TRX-USDT XRP-USDT ,
2021-10-10,3.0693000133983976,0.9301575792368404,MATIC-USDT TRX-USDT XRP-USDT ,
2021-10-11,3.0655870431608903,0.9777709343271316,MATIC-USDT TRX-USDT XRP-USDT ,
2021-10-12,3.00146998780248,0.952465036617938,MATIC-USDT TRX-USDT XRP-USDT ,
2021-10-13,3.065844708591454,0.9759623134838477,MATIC-USDT TRX-USDT XRP-USDT ,
2021-10-14,3.0841717848566104,0.9756994206835734,MATIC-USDT TRX-USDT XRP-USDT ,
2021-10-15,3.3696861755817693,1.049230162816685,MATIC-USDT TRX-USDT XRP-USDT ,
2021-10-16,3.2933878420517138,1.0360214150502534,MATIC-USDT TRX-USDT XRP-USDT ,
2021-10-17,3.2152252250847444,1.0470045865100948,MATIC-USDT TRX-USDT XRP-USDT ,
2021-10-18,3.2165410939540653,1.0549367730912032,MATIC-USDT TRX-USDT XRP-USDT ,
2021-10-19,3.2433460707581,1.0936867637386136,MATIC-USDT TRX-USDT XRP-USDT ,
2021-10-20,3.3740555407570016,1.123403172806613,MATIC-USDT TRX-USDT XRP-USDT ,
2021-10-21,3.25763717231362,1.0587187904074389,MATIC-USDT TRX-USDT XRP-USDT ,
2021-10-22,3.2712033780334866,1.0327685842763572,MATIC-USDT TRX-USDT XRP-USDT ,
2021-10-23,3.383916984846739,1.0428156465088303,MATIC-USDT TRX-USDT XRP-USDT ,
2021-10-24,3.301592904198485,1.0356347279688685,MATIC-USDT TRX-USDT XRP-USDT ,
2021-10-25,3.4123480326390294,1.0734569416962938,MATIC-USDT TRX-USDT XRP-USDT ,
2021-10-26,3.477369587112962,1.0263829759737069,MATIC-USDT TRX-USDT XRP-USDT ,
2021-10-27,3.2791455459861507,0.9939143547631212,MATIC-USDT TRX-USDT XRP-USDT ,1.0
2021-10-28,3.639657140616512,1.030859975744483,MATIC-USDT TRX-USDT XRP-USDT ,
2021-10-29,3.6506750248673527,1.0595331459187678,MATIC-USDT TRX-USDT XRP-USDT ,
2021-10-30,3.57753130354198,1.0525096909836278,MATIC-USDT TRX-USDT XRP-USDT ,
2021-10-31,3.6554230938823657,1.0432152571690156,MATIC-USDT TRX-USDT XRP-USDT ,
2021-11-01,3.5977588625261268,1.0363157665620768,MATIC-USDT TRX-USDT XRP-USDT ,
2021-11-02,3.7528032136424048,1.0758316493003244,MATIC-USDT TRX-USDT XRP-USDT ,
2021-11-03,3.8776356749485337,1.0703860613080978,MATIC-USDT TRX-USDT XRP-USDT ,
2021-11-04,3.758315539371864,1.0446308991886035,MATIC-USDT TRX-USDT XRP-USDT ,
2021-11-05,3.7012091301577126,1.037389273837711,MATIC-USDT TRX-USDT XRP-USDT ,
2021-11-06,3.67575549586264,1.0459817532671147,MATIC-USDT TRX-USDT XRP-USDT ,
2021-11-07,3.778018946215101,1.0766769533819305,MATIC-USDT TRX-USDT XRP-USDT ,
2021-11-08,3.916463617307088,1.149636677388703,MATIC-USDT TRX-USDT XRP-USDT ,
2021-11-09,3.86756163047464,1.139485206243313,MATIC-USDT TRX-USDT XRP-USDT ,
2021-11-10,3.6500719856536494,1.103947915256693,MATIC-USDT TRX-USDT XRP-USDT ,
2021-11-11,3.739847092651756,1.1024373869611976,MATIC-USDT TRX-USDT XRP-USDT ,
2021-11-12,3.6761097538192735,1.0909554673880295,MATIC-USDT TRX-USDT XRP-USDT ,
2021-11-13,3.753982599491087,1.0955623831351375,MATIC-USDT TRX-USDT XRP-USDT ,
2021-11-14,3.794425136501127,1.1149713878767304,MATIC-USDT TRX-USDT XRP-USDT ,
2021-11-15,3.836651712765968,1.0824260754288073,MATIC-USDT TRX-USDT XRP-USDT ,
2021-11-16,3.484119944832774,1.0220855459293778,MATIC-USDT TRX-USDT XRP-USDT ,
2021-11-17,3.5644417897020757,1.0265225846341368,MATIC-USDT TRX-USDT XRP-USDT ,
2021-11-18,3.28408183006935,0.9679258880369151,MATIC-USDT TRX-USDT XRP-USDT ,
2021-11-19,3.4588297965075947,0.987455116070742,MATIC-USDT TRX-USDT XRP-USDT ,
2021-11-20,3.510367977742345,1.0154581306655437,MATIC-USDT TRX-USDT XRP-USDT ,
2021-11-21,3.441368255092186,0.9975198632005168,MATIC-USDT TRX-USDT XRP-USDT ,
2021-11-22,3.3363742067352264,0.9568262343208076,MATIC-USDT TRX-USDT XRP-USDT ,
2021-11-23,3.5016076996662013,0.9790330238249576,MATIC-USDT TRX-USDT XRP-USDT ,
2021-11-24,3.36415321743762,0.9720755471605196,MATIC-USDT TRX-USDT XRP-USDT ,
2021-11-25,3.554947223469098,1.0030773421775954,MATIC-USDT TRX-USDT XRP-USDT ,
2021-11-26,3.1638411570746934,0.9140991823455752,MATIC-USDT TRX-USDT XRP-USDT ,1.0
2021-11-27,3.166913814053439,0.930816851802601,MATIC-USDT TRX-USDT XRP-USDT ,
2021-11-28,3.238225559212515,0.9746373065629332,MATIC-USDT TRX-USDT XRP-USDT ,
2021-11-29,3.384256899061781,0.9833479687194978,MATIC-USDT TRX-USDT XRP-USDT ,
2021-11-30,3.373642428057041,0.9688432920844444,MATIC-USDT TRX-USDT XRP-USDT ,
2021-12-01,3.510759233892999,0.9728273253429348,MATIC-USDT TRX-USDT XRP-USDT ,
2021-12-02,3.5712670511991287,0.9609968092364146,MATIC-USDT TRX-USDT XRP-USDT ,
2021-12-03,3.568787788083541,0.9116564559057704,MATIC-USDT TRX-USDT XRP-USDT ,
2021-12-04,3.211977072364609,0.835537597071382,MATIC-USDT TRX-USDT XRP-USDT ,
2021-12-05,3.1843928071719643,0.8396347116443497,MATIC-USDT TRX-USDT XRP-USDT ,
2021-12-06,3.388792397758516,0.8574576871827355,MATIC-USDT TRX-USDT XRP-USDT ,
2021-12-07,3.4516307408113263,0.8600505652025165,MATIC-USDT TRX-USDT XRP-USDT ,
2021-12-08,3.580796067327753,0.8579829626420156,MATIC-USDT TRX-USDT XRP-USDT ,
2021-12-09,3.3163276932088075,0.8083997820676512,MATIC-USDT TRX-USDT XRP-USDT ,
2021-12-10,3.242980827034337,0.8015399124325518,MATIC-USDT TRX-USDT XRP-USDT ,
2021-12-11,3.3648867793980406,0.8397120830700457,MATIC-USDT TRX-USDT XRP-USDT ,
2021-12-12,3.3224553234733776,0.8512048856569385,MATIC-USDT TRX-USDT XRP-USDT ,
2021-12-13,3.01693137205978,0.7937786231763322,MATIC-USDT TRX-USDT XRP-USDT ,
2021-12-14,3.151211459745833,0.8217362351982532,MATIC-USDT TRX-USDT XRP-USDT ,
2021-12-15,3.2965948391596696,0.8310282883536134,MATIC-USDT TRX-USDT XRP-USDT ,
2021-12-16,3.2100405080219683,0.8098407611035672,MATIC-USDT TRX-USDT XRP-USDT ,
2021-12-17,3.1707157139702584,0.7843478115959897,MATIC-USDT TRX-USDT XRP-USDT ,
2021-12-18,3.2827454224023795,0.7960922838752532,MATIC-USDT TRX-USDT XRP-USDT ,
2021-12-19,3.271922337269197,0.793586469965265,MATIC-USDT TRX-USDT XRP-USDT ,
2021-12-20,3.2429888269545417,0.7974892207150025,MATIC-USDT TRX-USDT XRP-USDT ,
2021-12-21,3.48811670834887,0.831107700344382,MATIC-USDT TRX-USDT XRP-USDT ,
2021-12-22,3.583515156682443,0.8259134419503472,MATIC-USDT TRX-USDT XRP-USDT ,
2021-12-23,3.787476774355103,0.8641439387395181,MATIC-USDT TRX-USDT XRP-USDT ,
2021-12-24,3.535444856083199,0.8639846046167122,MATIC-USDT TRX-USDT XRP-USDT ,
2021-12-25,3.6681805970239134,0.8570992279181967,MATIC-USDT TRX-USDT XRP-USDT ,
2021-12-26,3.814493243593459,0.8632564629797306,MATIC-USDT TRX-USDT XRP-USDT ,1.0
2021-12-27,3.8723997322457366,0.8622700198138891,XRP-USDT ADA-USDT TRX-USDT ,
2021-12-28,3.602414453366545,0.8080982885780754,XRP-USDT ADA-USDT TRX-USDT ,
2021-12-29,3.485803350385332,0.7896398470664517,XRP-USDT ADA-USDT TRX-USDT ,
2021-12-30,3.5593520967466645,0.800837107811897,XRP-USDT ADA-USDT TRX-USDT ,
2021-12-31,3.464810934005809,0.7857971229392858,XRP-USDT ADA-USDT TRX-USDT ,
2022-01-01,3.575031446612307,0.8111985871127444,XRP-USDT ADA-USDT TRX-USDT ,
2022-01-02,3.601345960203981,0.8039826388723577,XRP-USDT ADA-USDT TRX-USDT ,
2022-01-03,3.506103768209396,0.7897974807183618,XRP-USDT ADA-USDT TRX-USDT ,
2022-01-04,3.466349677877406,0.7793839670081452,XRP-USDT ADA-USDT TRX-USDT ,
2022-01-05,3.250737778854356,0.7383732003066303,XRP-USDT ADA-USDT TRX-USDT ,
2022-01-06,3.302719174658927,0.7325630313546441,XRP-USDT ADA-USDT TRX-USDT ,
2022-01-07,3.1762336867149537,0.706611294799757,XRP-USDT ADA-USDT TRX-USDT ,
2022-01-08,3.0821905703275303,0.7088931566929523,XRP-USDT ADA-USDT TRX-USDT ,
2022-01-09,3.0950094363986365,0.7116678150513448,XRP-USDT ADA-USDT TRX-USDT ,
2022-01-10,2.992305694990745,0.7108231911580962,XRP-USDT ADA-USDT TRX-USDT ,
2022-01-11,3.113881176113708,0.7261126351109157,XRP-USDT ADA-USDT TRX-USDT ,
2022-01-12,3.312184835351485,0.7461788718531944,XRP-USDT ADA-USDT TRX-USDT ,
2022-01-13,3.1692500849739287,0.7232837317309918,XRP-USDT ADA-USDT TRX-USDT ,
2022-01-14,3.251844241627693,0.73192348425126,XRP-USDT ADA-USDT TRX-USDT ,
2022-01-15,3.2725012452147886,0.7324014866196757,XRP-USDT ADA-USDT TRX-USDT ,
2022-01-16,3.3982809373098464,0.7322339902365773,XRP-USDT ADA-USDT TRX-USDT ,
2022-01-17,3.5560170802713613,0.7171963860232184,XRP-USDT ADA-USDT TRX-USDT ,
2022-01-18,3.378909369343357,0.719938225293349,XRP-USDT ADA-USDT TRX-USDT ,
2022-01-19,3.265739421692257,0.7083802946712013,XRP-USDT ADA-USDT TRX-USDT ,
2022-01-20,3.149069974947727,0.6914402036211876,XRP-USDT ADA-USDT TRX-USDT ,
2022-01-21,2.810702768507524,0.6194131878999938,XRP-USDT ADA-USDT TRX-USDT ,
2022-01-22,2.6455162656738467,0.5959084289621491,XRP-USDT ADA-USDT TRX-USDT ,
2022-01-23,2.7477403359928734,0.6160807750882383,XRP-USDT ADA-USDT TRX-USDT ,
2022-01-24,2.635404687594905,0.623193844839514,XRP-USDT ADA-USDT TRX-USDT ,
2022-01-25,2.635246237471382,0.6280563413620512,XRP-USDT ADA-USDT TRX-USDT ,1.0
2022-01-26,2.672189303296455,0.6255595399478032,ADA-USDT TRX-USDT XRP-USDT ,
2022-01-27,2.632065737553644,0.6314018477996937,ADA-USDT TRX-USDT XRP-USDT ,
2022-01-28,2.658170826969472,0.6410130793419327,ADA-USDT TRX-USDT XRP-USDT ,
2022-01-29,2.7197141595622623,0.6487298162607205,ADA-USDT TRX-USDT XRP-USDT ,
2022-01-30,2.648573739349874,0.6439684977564001,ADA-USDT TRX-USDT XRP-USDT ,
2022-01-31,2.6927690345876525,0.6536446872868044,ADA-USDT TRX-USDT XRP-USDT ,
2022-02-01,2.7568793501887,0.6577508143555119,ADA-USDT TRX-USDT XRP-USDT ,
2022-02-02,2.6382902781505746,0.627338232503345,ADA-USDT TRX-USDT XRP-USDT ,
2022-02-03,2.701834405719647,0.6341032158625367,ADA-USDT TRX-USDT XRP-USDT ,
2022-02-04,2.9055367045170057,0.7065456566232319,ADA-USDT TRX-USDT XRP-USDT ,
2022-02-05,2.911140817385382,0.7035645610982588,ADA-USDT TRX-USDT XRP-USDT ,
2022-02-06,2.974690957590531,0.7203424272249461,ADA-USDT TRX-USDT XRP-USDT ,
2022-02-07,3.269691279650657,0.7453162229684631,ADA-USDT TRX-USDT XRP-USDT ,
2022-02-08,3.3056375185198728,0.7485739851079548,ADA-USDT TRX-USDT XRP-USDT ,
2022-02-09,3.3428478294850708,0.7542962397147001,ADA-USDT TRX-USDT XRP-USDT ,
2022-02-10,3.2199246235349896,0.7392166338702495,ADA-USDT TRX-USDT XRP-USDT ,
2022-02-11,2.994813739806966,0.720421499121535,ADA-USDT TRX-USDT XRP-USDT ,
2022-02-12,3.060541175284732,0.717596506824668,ADA-USDT TRX-USDT XRP-USDT ,
2022-02-13,3.034180713095932,0.714897179326897,ADA-USDT TRX-USDT XRP-USDT ,
2022-02-14,3.036197051705588,0.7231276285028828,ADA-USDT TRX-USDT XRP-USDT ,
2022-02-15,3.1962463141746515,0.7572128873927747,ADA-USDT TRX-USDT XRP-USDT ,
2022-02-16,3.1468805861889853,0.7458384375801328,ADA-USDT TRX-USDT XRP-USDT ,
2022-02-17,2.9338914674536984,0.6885495731477942,ADA-USDT TRX-USDT XRP-USDT ,
2022-02-18,2.9446407414529463,0.6796238014230883,ADA-USDT TRX-USDT XRP-USDT ,
2022-02-19,3.0066194900267704,0.6810828054504834,ADA-USDT TRX-USDT XRP-USDT ,
2022-02-20,2.8641125577050786,0.6524383732343144,ADA-USDT TRX-USDT XRP-USDT ,
2022-02-21,2.654483240697357,0.6289429668863888,ADA-USDT TRX-USDT XRP-USDT ,
2022-02-22,2.75743106888528,0.6497839381681564,ADA-USDT TRX-USDT XRP-USDT ,
2022-02-23,2.675311481189236,0.6330479036254705,ADA-USDT TRX-USDT XRP-USDT ,
2022-02-24,2.668454814889428,0.6515371236602827,ADA-USDT TRX-USDT XRP-USDT ,1.0
2022-02-25,2.7863945172075844,0.6666764160331261,ADA-USDT TRX-USDT XRP-USDT ,
2022-02-26,2.752891918263288,0.6648722164141677,ADA-USDT TRX-USDT XRP-USDT ,
2022-02-27,2.6606651611600247,0.6406013953383954,ADA-USDT TRX-USDT XRP-USDT ,
2022-02-28,2.90165795194253,0.7338382144783512,ADA-USDT TRX-USDT XRP-USDT ,
2022-03-01,2.913199759890796,0.7549087493308619,ADA-USDT TRX-USDT XRP-USDT ,
2022-03-02,2.858269804032244,0.7462635553037322,ADA-USDT TRX-USDT XRP-USDT ,
2022-03-03,2.773787986903576,0.7218413923183581,ADA-USDT TRX-USDT XRP-USDT ,
2022-03-04,2.640164376516484,0.6653551501481766,ADA-USDT TRX-USDT XRP-USDT ,
2022-03-05,2.744852977991392,0.6695621151409222,ADA-USDT TRX-USDT XRP-USDT ,
2022-03-06,2.6420395829648284,0.6529995286294655,ADA-USDT TRX-USDT XRP-USDT ,
2022-03-07,2.599365378822432,0.645563369408254,ADA-USDT TRX-USDT XRP-USDT ,
2022-03-08,2.639265482848552,0.6582505827513729,ADA-USDT TRX-USDT XRP-USDT ,
2022-03-09,2.750228780829213,0.7131349813390297,ADA-USDT TRX-USDT XRP-USDT ,
2022-03-10,2.6545480589224937,0.6701079662980244,ADA-USDT TRX-USDT XRP-USDT ,
2022-03-11,2.7257543197949183,0.658303297349099,ADA-USDT TRX-USDT XRP-USDT ,
2022-03-12,2.696354094501017,0.6596568721810415,ADA-USDT TRX-USDT XRP-USDT ,
2022-03-13,2.6560854318553937,0.6418206329696792,ADA-USDT TRX-USDT XRP-USDT ,
2022-03-14,2.7020220559823267,0.6743013275236152,ADA-USDT TRX-USDT XRP-USDT ,
2022-03-15,2.6934303032064286,0.6677919249398518,ADA-USDT TRX-USDT XRP-USDT ,
2022-03-16,2.776870879948555,0.6989921649103041,ADA-USDT TRX-USDT XRP-USDT ,
2022-03-17,2.7702452283754035,0.695460286862635,ADA-USDT TRX-USDT XRP-USDT ,
2022-03-18,2.8047676129346755,0.7099721054754454,ADA-USDT TRX-USDT XRP-USDT ,
2022-03-19,2.891466215894813,0.7173980618712905,ADA-USDT TRX-USDT XRP-USDT ,
2022-03-20,2.8422728566150424,0.7016312957384132,ADA-USDT TRX-USDT XRP-USDT ,
2022-03-21,2.9269815439303795,0.6968869819430369,ADA-USDT TRX-USDT XRP-USDT ,
2022-03-22,3.0103365007178904,0.720146022836641,ADA-USDT TRX-USDT XRP-USDT ,
2022-03-23,3.16245936582496,0.7289561625405275,ADA-USDT TRX-USDT XRP-USDT ,
2022-03-24,3.2140447691212093,0.7477548682781202,ADA-USDT TRX-USDT XRP-USDT ,
2022-03-25,3.1350766916697936,0.7531487619551573,ADA-USDT TRX-USDT XRP-USDT ,
2022-03-26,3.2326953422845235,0.7565258971514358,ADA-USDT TRX-USDT XRP-USDT ,1.0
2022-03-27,3.338341363865056,0.7961740765252683,ADA-USDT TRX-USDT XRP-USDT ,
2022-03-28,3.336467918441211,0.8012941943883068,ADA-USDT TRX-USDT XRP-USDT ,
2022-03-29,3.3518801732730594,0.8063377910610974,ADA-USDT TRX-USDT XRP-USDT ,
2022-03-30,3.4215542265994507,0.8001259708838535,ADA-USDT TRX-USDT XRP-USDT ,
2022-03-31,3.3246162124231216,0.7738162852056955,ADA-USDT TRX-USDT XRP-USDT ,
2022-04-01,3.380669552759329,0.7867432649449247,ADA-USDT TRX-USDT XRP-USDT ,
2022-04-02,3.3381441226544037,0.7787238442069343,ADA-USDT TRX-USDT XRP-USDT ,
2022-04-03,3.3900048001622416,0.788889259213658,ADA-USDT TRX-USDT XRP-USDT ,
2022-04-04,3.352369518337808,0.792094646849602,ADA-USDT TRX-USDT XRP-USDT ,
2022-04-05,3.2774159435568118,0.7733299505298973,ADA-USDT TRX-USDT XRP-USDT ,
2022-04-06,2.991101022002093,0.7339181366103866,ADA-USDT TRX-USDT XRP-USDT ,
2022-04-07,3.0816375761156185,0.7382951486925726,ADA-USDT TRX-USDT XRP-USDT ,
2022-04-08,2.951992574722892,0.7180952549379942,ADA-USDT TRX-USDT XRP-USDT ,
2022-04-09,3.002348355033232,0.7265721023465785,ADA-USDT TRX-USDT XRP-USDT ,
2022-04-10,2.948622534652608,0.7165852367837673,ADA-USDT TRX-USDT XRP-USDT ,
2022-04-11,2.705770481386159,0.6717812296581137,ADA-USDT TRX-USDT XRP-USDT ,
2022-04-12,2.790948340661324,0.6812205435929284,ADA-USDT TRX-USDT XRP-USDT ,
2022-04-13,2.846088895085788,0.6994002779249593,ADA-USDT TRX-USDT XRP-USDT ,
2022-04-14,2.788170840039715,0.6787582617378367,ADA-USDT TRX-USDT XRP-USDT ,
2022-04-15,2.914479897222372,0.6891923511458753,ADA-USDT TRX-USDT XRP-USDT ,
2022-04-16,2.904773110280372,0.6863270576888109,ADA-USDT TRX-USDT XRP-USDT ,
2022-04-17,2.803792903718706,0.6742214053915768,ADA-USDT TRX-USDT XRP-USDT ,
2022-04-18,2.870627508861674,0.693547257106434,ADA-USDT TRX-USDT XRP-USDT ,
2022-04-19,2.919210972655524,0.7052345935636458,ADA-USDT TRX-USDT XRP-USDT ,
2022-04-20,2.865959059107269,0.7027655098249772,ADA-USDT TRX-USDT XRP-USDT ,
2022-04-21,2.9537317152791065,0.687837075843039,ADA-USDT TRX-USDT XRP-USDT ,
2022-04-22,2.858022235560111,0.6746482235860718,ADA-USDT TRX-USDT XRP-USDT ,
2022-04-23,2.8411228942669724,0.6702423034986812,ADA-USDT TRX-USDT XRP-USDT ,
2022-04-24,2.7982135221495787,0.6705534896723565,ADA-USDT TRX-USDT XRP-USDT ,
2022-04-25,2.796966052760681,0.6871772931360117,ADA-USDT TRX-USDT XRP-USDT ,1.0
2022-04-26,2.6044405702654467,0.6477722811000792,XRP-USDT TRX-USDT ADA-USDT ,
2022-04-27,2.6519169165564205,0.666737632985323,XRP-USDT TRX-USDT ADA-USDT ,
2022-04-28,2.650087007037396,0.6756395981175075,XRP-USDT TRX-USDT ADA-USDT ,
2022-04-29,2.567576324806469,0.6559090343297838,XRP-USDT TRX-USDT ADA-USDT ,
2022-04-30,2.4636528843277543,0.6396236245741144,XRP-USDT TRX-USDT ADA-USDT ,
2022-05-01,2.6469763437717417,0.6536695141618587,XRP-USDT TRX-USDT ADA-USDT ,
2022-05-02,2.622023400210685,0.6551166148929931,XRP-USDT TRX-USDT ADA-USDT ,
2022-05-03,2.6503407985676706,0.641296887934204,XRP-USDT TRX-USDT ADA-USDT ,
2022-05-04,3.034731655614346,0.6748148697337235,XRP-USDT TRX-USDT ADA-USDT ,
2022-05-05,2.6862383093746174,0.6212619398563819,XRP-USDT TRX-USDT ADA-USDT ,
2022-05-06,2.855420853587594,0.6120895998519883,XRP-USDT TRX-USDT ADA-USDT ,
2022-05-07,2.762876780887678,0.6031009107041894,XRP-USDT TRX-USDT ADA-USDT ,
2022-05-08,2.786844152908005,0.5787042547822316,XRP-USDT TRX-USDT ADA-USDT ,
2022-05-09,2.316580335933175,0.5111037348462514,XRP-USDT TRX-USDT ADA-USDT ,
2022-05-10,2.440942670126608,0.5271816871528042,XRP-USDT TRX-USDT ADA-USDT ,
2022-05-11,2.166516140328024,0.4944068111341373,XRP-USDT TRX-USDT ADA-USDT ,
2022-05-12,1.9694869909463304,0.4934885568511612,XRP-USDT TRX-USDT ADA-USDT ,
2022-05-13,2.178564080707719,0.4978009510393597,XRP-USDT TRX-USDT ADA-USDT ,
2022-05-14,2.164893700041433,0.5114982440937521,XRP-USDT TRX-USDT ADA-USDT ,
2022-05-15,2.25702420209927,0.5326623048454556,XRP-USDT TRX-USDT ADA-USDT ,
2022-05-16,2.13424625928334,0.5078745406177858,XRP-USDT TRX-USDT ADA-USDT ,
2022-05-17,2.2201424780113177,0.5175723261285494,XRP-USDT TRX-USDT ADA-USDT ,
2022-05-18,2.0841625346100328,0.4880453495181865,XRP-USDT TRX-USDT ADA-USDT ,
2022-05-19,2.1702906267395794,0.5155810747112067,XRP-USDT TRX-USDT ADA-USDT ,
2022-05-20,2.103759819931519,0.4963487488955419,XRP-USDT TRX-USDT ADA-USDT ,
2022-05-21,2.1629558311170847,0.5004043719786863,XRP-USDT TRX-USDT ADA-USDT ,
2022-05-22,2.2458387583737065,0.5149706056601171,XRP-USDT TRX-USDT ADA-USDT ,
2022-05-23,2.164719936586818,0.4947979194398489,XRP-USDT TRX-USDT ADA-USDT ,
2022-05-24,2.242836474247468,0.5040722876979068,XRP-USDT TRX-USDT ADA-USDT ,
2022-05-25,2.2899473230294456,0.5022629866662653,XRP-USDT TRX-USDT ADA-USDT ,1.0
2022-05-26,2.1883979547587127,0.4964354729111562,ADA-USDT TRX-USDT XRP-USDT ,
2022-05-27,2.1242753026789445,0.4867291850459206,ADA-USDT TRX-USDT XRP-USDT ,
2022-05-28,2.1466415619296813,0.4934562479041673,ADA-USDT TRX-USDT XRP-USDT ,
2022-05-29,2.172302310420169,0.5008362915858636,ADA-USDT TRX-USDT XRP-USDT ,
2022-05-30,2.3834148675344835,0.5394998983118376,ADA-USDT TRX-USDT XRP-USDT ,
2022-05-31,2.4836780984636664,0.540712334059545,ADA-USDT TRX-USDT XRP-USDT ,
2022-06-01,2.319428283717167,0.5066876119334937,ADA-USDT TRX-USDT XRP-USDT ,
2022-06-02,2.392449802221638,0.5175740265994425,ADA-USDT TRX-USDT XRP-USDT ,
2022-06-03,2.295246906014948,0.5047473746429827,ADA-USDT TRX-USDT XRP-USDT ,
2022-06-04,2.303144388428083,0.5075633544441093,ADA-USDT TRX-USDT XRP-USDT ,
2022-06-05,2.3193036116593477,0.5086091440441657,ADA-USDT TRX-USDT XRP-USDT ,
2022-06-06,2.3956948092179835,0.5332880781345936,ADA-USDT TRX-USDT XRP-USDT ,
2022-06-07,2.414835809932015,0.5291542333903069,ADA-USDT TRX-USDT XRP-USDT ,
2022-06-08,2.430164830368404,0.5134146747917397,ADA-USDT TRX-USDT XRP-USDT ,
2022-06-09,2.42058612935212,0.5117278076644948,ADA-USDT TRX-USDT XRP-USDT ,
2022-06-10,2.2795679751284394,0.4944578252609677,ADA-USDT TRX-USDT XRP-USDT ,
2022-06-11,2.185031607288946,0.4832177126489833,ADA-USDT TRX-USDT XRP-USDT ,
2022-06-12,2.057732046241255,0.4517249916846942,ADA-USDT TRX-USDT XRP-USDT ,
2022-06-13,1.849827368316861,0.3821213170351106,ADA-USDT TRX-USDT XRP-USDT ,
2022-06-14,1.821818241463221,0.3761900745554433,ADA-USDT TRX-USDT XRP-USDT ,
2022-06-15,2.0068631993118204,0.3837537690937349,ADA-USDT TRX-USDT XRP-USDT ,
2022-06-16,1.8284792901716904,0.3466818031249189,ADA-USDT TRX-USDT XRP-USDT ,
2022-06-17,1.8656481998203127,0.3478704322801045,ADA-USDT TRX-USDT XRP-USDT ,
2022-06-18,1.800975319818575,0.3224041801655692,ADA-USDT TRX-USDT XRP-USDT ,
2022-06-19,1.8854309200739052,0.3496882356662182,ADA-USDT TRX-USDT XRP-USDT ,
2022-06-20,1.886886484609677,0.3497885634489877,ADA-USDT TRX-USDT XRP-USDT ,
2022-06-21,1.917839116840516,0.35222023682798,ADA-USDT TRX-USDT XRP-USDT ,
2022-06-22,1.8554667470009272,0.3397098724578789,ADA-USDT TRX-USDT XRP-USDT ,
2022-06-23,1.917619583172936,0.3587415427080043,ADA-USDT TRX-USDT XRP-USDT ,
2022-06-24,2.0223862341154466,0.3610303765318667,ADA-USDT TRX-USDT XRP-USDT ,1.0
2022-06-25,2.006383494963258,0.3652934570641278,MATIC-USDT TRX-USDT XRP-USDT ,
2022-06-26,1.945665590455202,0.357593724854284,MATIC-USDT TRX-USDT XRP-USDT ,
2022-06-27,1.9273290272131165,0.3525076164091334,MATIC-USDT TRX-USDT XRP-USDT ,
2022-06-28,1.861717025561496,0.3446616437023715,MATIC-USDT TRX-USDT XRP-USDT ,
2022-06-29,1.822039102404699,0.3419629963929586,MATIC-USDT TRX-USDT XRP-USDT ,
2022-06-30,1.807801707987912,0.3387933186457968,MATIC-USDT TRX-USDT XRP-USDT ,
2022-07-01,1.7566799383140317,0.3277147507687803,MATIC-USDT TRX-USDT XRP-USDT ,
2022-07-02,1.790155415715084,0.3271859043206221,MATIC-USDT TRX-USDT XRP-USDT ,
2022-07-03,1.7825288324376274,0.3282912104019821,MATIC-USDT TRX-USDT XRP-USDT ,
2022-07-04,1.8395897292294776,0.3439474459267234,MATIC-USDT TRX-USDT XRP-USDT ,
2022-07-05,1.8639428030301168,0.3429849794004929,MATIC-USDT TRX-USDT XRP-USDT ,
2022-07-06,1.8860025157792373,0.3495164881058834,MATIC-USDT TRX-USDT XRP-USDT ,
2022-07-07,1.9560059658329467,0.3675295762902633,MATIC-USDT TRX-USDT XRP-USDT ,
2022-07-08,2.0046615863571806,0.3670959562121913,MATIC-USDT TRX-USDT XRP-USDT ,
2022-07-09,2.002692476659135,0.3669616190115338,MATIC-USDT TRX-USDT XRP-USDT ,
2022-07-10,1.9252408979210935,0.3546127993764004,MATIC-USDT TRX-USDT XRP-USDT ,
2022-07-11,1.866451855303641,0.3393170636812718,MATIC-USDT TRX-USDT XRP-USDT ,
2022-07-12,1.829177099939008,0.3285802904540299,MATIC-USDT TRX-USDT XRP-USDT ,
2022-07-13,1.9829900833666707,0.343836915318587,MATIC-USDT TRX-USDT XRP-USDT ,
2022-07-14,2.0849998044796045,0.3499331034750114,MATIC-USDT TRX-USDT XRP-USDT ,
2022-07-15,2.081454305902352,0.3540907548118194,MATIC-USDT TRX-USDT XRP-USDT ,
2022-07-16,2.159511131751817,0.3602192519152372,MATIC-USDT TRX-USDT XRP-USDT ,
2022-07-17,2.15747308267536,0.3536027196651265,MATIC-USDT TRX-USDT XRP-USDT ,
2022-07-18,2.440171323860748,0.3813118928893756,MATIC-USDT TRX-USDT XRP-USDT ,
2022-07-19,2.4197671292702387,0.3976704228935042,MATIC-USDT TRX-USDT XRP-USDT ,
2022-07-20,2.2823065103629427,0.3948748487431106,MATIC-USDT TRX-USDT XRP-USDT ,
2022-07-21,2.37631549019796,0.3935654861544225,MATIC-USDT TRX-USDT XRP-USDT ,
2022-07-22,2.2878723750092,0.3855834757761087,MATIC-USDT TRX-USDT XRP-USDT ,
2022-07-23,2.3127660777730936,0.381589069645163,MATIC-USDT TRX-USDT XRP-USDT ,
2022-07-24,2.3198113105893707,0.3838064836914605,MATIC-USDT TRX-USDT XRP-USDT ,1.0
2022-07-25,2.178138885587974,0.3622003005072132,ADA-USDT TRX-USDT XRP-USDT ,
2022-07-26,2.1892915631664547,0.3611970226795173,ADA-USDT TRX-USDT XRP-USDT ,
2022-07-27,2.3417219141702774,0.3901067283552128,ADA-USDT TRX-USDT XRP-USDT ,
2022-07-28,2.3866612036529484,0.4053276433309878,ADA-USDT TRX-USDT XRP-USDT ,
2022-07-29,2.38271088780725,0.404220636778733,ADA-USDT TRX-USDT XRP-USDT ,
2022-07-30,2.4319682486724106,0.4018195718758402,ADA-USDT TRX-USDT XRP-USDT ,
2022-07-31,2.3933299784613493,0.3960413717766687,ADA-USDT TRX-USDT XRP-USDT ,
2022-08-01,2.3991590150306954,0.3954887187359889,ADA-USDT TRX-USDT XRP-USDT ,
2022-08-02,2.3402854658106844,0.3906848884593087,ADA-USDT TRX-USDT XRP-USDT ,
2022-08-03,2.3365233935242213,0.3877328709866304,ADA-USDT TRX-USDT XRP-USDT ,
2022-08-04,2.351839731901483,0.384457764044016,ADA-USDT TRX-USDT XRP-USDT ,
2022-08-05,2.4017166690666314,0.3961774094482214,ADA-USDT TRX-USDT XRP-USDT ,
2022-08-06,2.376466755273769,0.3901441387148899,ADA-USDT TRX-USDT XRP-USDT ,
2022-08-07,2.40436654047628,0.3939616958728179,ADA-USDT TRX-USDT XRP-USDT ,
2022-08-08,2.438481580810947,0.4047868935865685,ADA-USDT TRX-USDT XRP-USDT ,
2022-08-09,2.357406630962431,0.3934923659059631,ADA-USDT TRX-USDT XRP-USDT ,
2022-08-10,2.448672304775592,0.4071080363574244,ADA-USDT TRX-USDT XRP-USDT ,
2022-08-11,2.4352127534540515,0.4067050247554514,ADA-USDT TRX-USDT XRP-USDT ,
2022-08-12,2.449497555069612,0.4147023393718148,ADA-USDT TRX-USDT XRP-USDT ,
2022-08-13,2.468906426112626,0.4154080347929909,ADA-USDT TRX-USDT XRP-USDT ,
2022-08-14,2.484432587788949,0.4131140995564454,ADA-USDT TRX-USDT XRP-USDT ,
2022-08-15,2.436471931843696,0.4095618158580438,ADA-USDT TRX-USDT XRP-USDT ,
2022-08-16,2.4607046200704934,0.4054432753518067,ADA-USDT TRX-USDT XRP-USDT ,
2022-08-17,2.422107044696443,0.3967725742612608,ADA-USDT TRX-USDT XRP-USDT ,
2022-08-18,2.350837020367336,0.3942558773375488,ADA-USDT TRX-USDT XRP-USDT ,
2022-08-19,2.141072556629811,0.3541213632879186,ADA-USDT TRX-USDT XRP-USDT ,
2022-08-20,2.1674429317514763,0.3592720896270562,ADA-USDT TRX-USDT XRP-USDT ,
2022-08-21,2.204088710793068,0.3656964686660995,ADA-USDT TRX-USDT XRP-USDT ,
2022-08-22,2.1978564338533406,0.3636797101853409,ADA-USDT TRX-USDT XRP-USDT ,
2022-08-23,2.219709305688059,0.3659107279987938,ADA-USDT TRX-USDT XRP-USDT ,1.0
2022-08-24,2.186057989700507,0.3631338590282384,TRX-USDT XRP-USDT ADA-USDT ,
2022-08-25,2.2115040406625317,0.3664225697380079,TRX-USDT XRP-USDT ADA-USDT ,
2022-08-26,2.0945425151629915,0.3439831558155048,TRX-USDT XRP-USDT ADA-USDT ,
2022-08-27,2.128839395675756,0.3405005914237733,TRX-USDT XRP-USDT ADA-USDT ,
2022-08-28,2.0536127364314685,0.3323995480828515,TRX-USDT XRP-USDT ADA-USDT ,
2022-08-29,2.1332952126390587,0.3447789761940838,TRX-USDT XRP-USDT ADA-USDT ,
2022-08-30,2.137876645025043,0.336745951688938,TRX-USDT XRP-USDT ADA-USDT ,
2022-08-31,2.113127208606891,0.3407998743011876,TRX-USDT XRP-USDT ADA-USDT ,
2022-09-01,2.1425697647112067,0.3421772557256516,TRX-USDT XRP-USDT ADA-USDT ,
2022-09-02,2.1257206730825327,0.3390909010523156,TRX-USDT XRP-USDT ADA-USDT ,
2022-09-03,2.169298534308094,0.3370452345663524,TRX-USDT XRP-USDT ADA-USDT ,
2022-09-04,2.2153305371867327,0.3399700445047207,TRX-USDT XRP-USDT ADA-USDT ,
2022-09-05,2.2035790126239627,0.3364364659861573,TRX-USDT XRP-USDT ADA-USDT ,
2022-09-06,2.0961120341789696,0.319373941031747,TRX-USDT XRP-USDT ADA-USDT ,
2022-09-07,2.167636784601654,0.3279698214029392,TRX-USDT XRP-USDT ADA-USDT ,
2022-09-08,2.168321488732206,0.3283490264123905,TRX-USDT XRP-USDT ADA-USDT ,
2022-09-09,2.2655665153007445,0.3630845453723005,TRX-USDT XRP-USDT ADA-USDT ,
2022-09-10,2.2976578869581767,0.3679733991937007,TRX-USDT XRP-USDT ADA-USDT ,
2022-09-11,2.282570036245362,0.3710478505707761,TRX-USDT XRP-USDT ADA-USDT ,
2022-09-12,2.275974092828412,0.3806674144203973,TRX-USDT XRP-USDT ADA-USDT ,
2022-09-13,2.1209207226125883,0.3428574440834118,TRX-USDT XRP-USDT ADA-USDT ,
2022-09-14,2.1788867368468487,0.3437842007208597,TRX-USDT XRP-USDT ADA-USDT ,
2022-09-15,2.1190980107401804,0.3348363228745266,TRX-USDT XRP-USDT ADA-USDT ,
2022-09-16,2.1951074045964263,0.3365657017741316,TRX-USDT XRP-USDT ADA-USDT ,
2022-09-17,2.268245954037553,0.3418286591922998,TRX-USDT XRP-USDT ADA-USDT ,
2022-09-18,2.1511349365905743,0.3299678747038594,TRX-USDT XRP-USDT ADA-USDT ,
2022-09-19,2.210953585162692,0.3320781590838098,TRX-USDT XRP-USDT ADA-USDT ,
2022-09-20,2.2507773861626585,0.3208244427046703,TRX-USDT XRP-USDT ADA-USDT ,
2022-09-21,2.1930165044973107,0.3136943682444509,TRX-USDT XRP-USDT ADA-USDT ,
2022-09-22,2.4352180725284214,0.3297638181965315,TRX-USDT XRP-USDT ADA-USDT ,1.0
2022-09-23,2.479308011227109,0.3278626917365922,XRP-USDT TRX-USDT ADA-USDT ,
2022-09-24,2.420629180352948,0.3215760508399951,XRP-USDT TRX-USDT ADA-USDT ,
2022-09-25,2.416706379859378,0.3196834267345279,XRP-USDT TRX-USDT ADA-USDT ,
2022-09-26,2.3778762634496204,0.3267675884805985,XRP-USDT TRX-USDT ADA-USDT ,
2022-09-27,2.3264921944767005,0.3242815000329858,XRP-USDT TRX-USDT ADA-USDT ,
2022-09-28,2.3254719939142934,0.3300154878889029,XRP-USDT TRX-USDT ADA-USDT ,
2022-09-29,2.4135009806147,0.3329947128958919,XRP-USDT TRX-USDT ADA-USDT ,
2022-09-30,2.3947833688042444,0.3300903086082566,XRP-USDT TRX-USDT ADA-USDT ,
2022-10-01,2.371570650831908,0.3282589014549876,XRP-USDT TRX-USDT ADA-USDT ,
2022-10-02,2.313359365176729,0.3239295025578451,XRP-USDT TRX-USDT ADA-USDT ,
2022-10-03,2.35652779573867,0.3336663988991797,XRP-USDT TRX-USDT ADA-USDT ,
2022-10-04,2.413094780747262,0.3457567469583639,XRP-USDT TRX-USDT ADA-USDT ,
2022-10-05,2.421876626682072,0.3426448852216118,XRP-USDT TRX-USDT ADA-USDT ,
2022-10-06,2.4303886552260487,0.3393119622685878,XRP-USDT TRX-USDT ADA-USDT ,
2022-10-07,2.458859770345319,0.3319472228249412,XRP-USDT TRX-USDT ADA-USDT ,
2022-10-08,2.448094367168667,0.3299967827090643,XRP-USDT TRX-USDT ADA-USDT ,
2022-10-09,2.480299412382412,0.3304014947819313,XRP-USDT TRX-USDT ADA-USDT ,
2022-10-10,2.381477318640333,0.3251980538450671,XRP-USDT TRX-USDT ADA-USDT ,
2022-10-11,2.3357240963599537,0.3240247289279312,XRP-USDT TRX-USDT ADA-USDT ,
2022-10-12,2.3227589645318028,0.3256061668597234,XRP-USDT TRX-USDT ADA-USDT ,
2022-10-13,2.2899931082421405,0.3293046910550435,XRP-USDT TRX-USDT ADA-USDT ,
2022-10-14,2.3270091423736528,0.3258884450281937,XRP-USDT TRX-USDT ADA-USDT ,
2022-10-15,2.282587273352437,0.3241165543562289,XRP-USDT TRX-USDT ADA-USDT ,
2022-10-16,2.285952903839094,0.3273729561190048,XRP-USDT TRX-USDT ADA-USDT ,
2022-10-17,2.306779624161408,0.3322822155911377,XRP-USDT TRX-USDT ADA-USDT ,
2022-10-18,2.2586468970399927,0.3285462810361407,XRP-USDT TRX-USDT ADA-USDT ,
2022-10-19,2.2039005098684923,0.3250739194697757,XRP-USDT TRX-USDT ADA-USDT ,
2022-10-20,2.186203037741828,0.3236795333363678,XRP-USDT TRX-USDT ADA-USDT ,
2022-10-21,2.2205785582038384,0.3256554805156605,XRP-USDT TRX-USDT ADA-USDT ,
2022-10-22,2.230218184285901,0.3264070886509852,XRP-USDT TRX-USDT ADA-USDT ,1.0
2022-10-23,2.261895667299277,0.3326240102409119,ADA-USDT TRX-USDT XRP-USDT ,
2022-10-24,2.2199360140321955,0.3284986678510974,ADA-USDT TRX-USDT XRP-USDT ,
2022-10-25,2.3350522840219687,0.3412556005008864,ADA-USDT TRX-USDT XRP-USDT ,
2022-10-26,2.3672024490867574,0.3529888496722467,ADA-USDT TRX-USDT XRP-USDT ,
2022-10-27,2.3188962226849745,0.3449490232835234,ADA-USDT TRX-USDT XRP-USDT ,
2022-10-28,2.3809524299317397,0.3500045232525747,ADA-USDT TRX-USDT XRP-USDT ,
2022-10-29,2.416027686710714,0.3536418304956965,ADA-USDT TRX-USDT XRP-USDT ,
2022-10-30,2.352126054920841,0.3505622777059377,ADA-USDT TRX-USDT XRP-USDT ,
2022-10-31,2.363834815504342,0.3482904485910193,ADA-USDT TRX-USDT XRP-USDT ,
2022-11-01,2.3471589629936744,0.3481221019724735,ADA-USDT TRX-USDT XRP-USDT ,
2022-11-02,2.2774985409708126,0.3424765386030654,ADA-USDT TRX-USDT XRP-USDT ,
2022-11-03,2.29512572093572,0.343490019256128,ADA-USDT TRX-USDT XRP-USDT ,
2022-11-04,2.4714487853422136,0.3594387357747061,ADA-USDT TRX-USDT XRP-USDT ,
2022-11-05,2.458442672251548,0.3620285529468776,ADA-USDT TRX-USDT XRP-USDT ,
2022-11-06,2.359646271354728,0.3553984169296116,ADA-USDT TRX-USDT XRP-USDT ,
2022-11-07,2.349232035898724,0.3499331034750098,ADA-USDT TRX-USDT XRP-USDT ,
2022-11-08,2.1447289253524326,0.3151652755681062,ADA-USDT TRX-USDT XRP-USDT ,
2022-11-09,1.847398350169202,0.2704598957543287,ADA-USDT TRX-USDT XRP-USDT ,
2022-11-10,2.107991978910803,0.2990788209070816,ADA-USDT TRX-USDT XRP-USDT ,
2022-11-11,2.0428846263002978,0.2900714265794447,ADA-USDT TRX-USDT XRP-USDT ,
2022-11-12,1.964044438460436,0.285796442750923,ADA-USDT TRX-USDT XRP-USDT ,
2022-11-13,1.855654728692596,0.2775372556168218,ADA-USDT TRX-USDT XRP-USDT ,
2022-11-14,1.9110347125160383,0.282366592956918,ADA-USDT TRX-USDT XRP-USDT ,
2022-11-15,1.9472954177024329,0.2871806260589645,ADA-USDT TRX-USDT XRP-USDT ,
2022-11-16,1.906873596993701,0.2831386067429754,ADA-USDT TRX-USDT XRP-USDT ,
2022-11-17,1.9023741586059453,0.2836742550747115,ADA-USDT TRX-USDT XRP-USDT ,
2022-11-18,1.9130643066023847,0.2838034908626858,ADA-USDT TRX-USDT XRP-USDT ,
2022-11-19,1.9373669047361977,0.2838579059313068,ADA-USDT TRX-USDT XRP-USDT ,
2022-11-20,1.8415162039703576,0.2767108267621432,ADA-USDT TRX-USDT XRP-USDT ,
2022-11-21,1.8491404066497577,0.2682152741737205,ADA-USDT TRX-USDT XRP-USDT ,1.0
2022-11-22,1.874581606788882,0.2758265818970552,ADA-USDT TRX-USDT XRP-USDT ,
2022-11-23,1.909338179080993,0.282206748692844,ADA-USDT TRX-USDT XRP-USDT ,
2022-11-24,1.9516971813381252,0.2821489326824344,ADA-USDT TRX-USDT XRP-USDT ,
2022-11-25,1.960035072040286,0.2808514733900071,ADA-USDT TRX-USDT XRP-USDT ,
2022-11-26,1.9359684970117843,0.2797138583616533,ADA-USDT TRX-USDT XRP-USDT ,
2022-11-27,1.940231942958958,0.2792615331037431,ADA-USDT TRX-USDT XRP-USDT ,
2022-11-28,1.9111388620502705,0.2755528060830565,ADA-USDT TRX-USDT XRP-USDT ,
2022-11-29,1.935732999503006,0.2794417830185495,ADA-USDT TRX-USDT XRP-USDT ,
2022-11-30,1.9875036285049537,0.2916868739291243,ADA-USDT TRX-USDT XRP-USDT ,
2022-12-01,1.955372915698412,0.2885784131341608,ADA-USDT TRX-USDT XRP-USDT ,
2022-12-02,1.966717317057621,0.2904914428903609,ADA-USDT TRX-USDT XRP-USDT ,
2022-12-03,1.9419344449104712,0.2870309846202569,ADA-USDT TRX-USDT XRP-USDT ,
2022-12-04,1.9454471337311887,0.290772020587937,ADA-USDT TRX-USDT XRP-USDT ,
2022-12-05,1.942500561952892,0.288370955685044,ADA-USDT TRX-USDT XRP-USDT ,
2022-12-06,1.9467728183229245,0.2904166221710071,ADA-USDT TRX-USDT XRP-USDT ,
2022-12-07,1.9113236872903592,0.2861552421096407,ADA-USDT TRX-USDT XRP-USDT ,
2022-12-08,1.9545829872850504,0.292753069179913,ADA-USDT TRX-USDT XRP-USDT ,
2022-12-09,1.942229752809159,0.291154626539177,ADA-USDT TRX-USDT XRP-USDT ,
2022-12-10,1.9413307244817728,0.2911206171212889,ADA-USDT TRX-USDT XRP-USDT ,
2022-12-11,1.9113216236326356,0.2903945160493802,ADA-USDT TRX-USDT XRP-USDT ,
2022-12-12,1.915958364182261,0.2924809938368092,ADA-USDT TRX-USDT XRP-USDT ,
2022-12-13,1.956089251221241,0.3022944113683918,ADA-USDT TRX-USDT XRP-USDT ,
2022-12-14,1.939282088746185,0.3027501375680912,ADA-USDT TRX-USDT XRP-USDT ,
2022-12-15,1.913848569506796,0.2950623086545085,ADA-USDT TRX-USDT XRP-USDT ,
2022-12-16,1.7594665518417176,0.2826879819559592,ADA-USDT TRX-USDT XRP-USDT ,
2022-12-17,1.7958905619727348,0.285134959573001,ADA-USDT TRX-USDT XRP-USDT ,
2022-12-18,1.772665603102621,0.284493882045812,ADA-USDT TRX-USDT XRP-USDT ,
2022-12-19,1.7252123284349452,0.2793737641827734,ADA-USDT TRX-USDT XRP-USDT ,
2022-12-20,1.7701628001133625,0.2871619208791256,ADA-USDT TRX-USDT XRP-USDT ,
2022-12-21,1.752773037303847,0.2860124025545114,ADA-USDT TRX-USDT XRP-USDT ,1.0
2022-12-22,1.774576037993236,0.285942683247841,ADA-USDT TRX-USDT XRP-USDT ,
2022-12-23,1.7758439659105971,0.2852777991281305,ADA-USDT TRX-USDT XRP-USDT ,
2022-12-24,1.775774339931961,0.2861705463476906,ADA-USDT TRX-USDT XRP-USDT ,
2022-12-25,1.7665569125003362,0.2860940251574426,ADA-USDT TRX-USDT XRP-USDT ,
2022-12-26,1.8127772108875768,0.2875989418989865,ADA-USDT TRX-USDT XRP-USDT ,
2022-12-27,1.7997769225993032,0.2839480308887096,ADA-USDT TRX-USDT XRP-USDT ,
2022-12-28,1.7516131767716585,0.2812408812248246,ADA-USDT TRX-USDT XRP-USDT ,
2022-12-29,1.7167979598326826,0.2827934111514121,ADA-USDT TRX-USDT XRP-USDT ,
2022-12-30,1.7301625595790024,0.2822985741211418,ADA-USDT TRX-USDT XRP-USDT ,
2022-12-31,1.7214163802608202,0.2812170746323033,ADA-USDT TRX-USDT XRP-USDT ,
2023-01-01,1.73347404026457,0.2824533169725323,ADA-USDT TRX-USDT XRP-USDT ,
2023-01-02,1.7622129941935858,0.2834004792607132,ADA-USDT TRX-USDT XRP-USDT ,
2023-01-03,1.748458182663504,0.2834208849114463,ADA-USDT TRX-USDT XRP-USDT ,
2023-01-04,1.7884129035317682,0.2863950085057519,ADA-USDT TRX-USDT XRP-USDT ,
2023-01-05,1.7650455647128218,0.2860838223320766,ADA-USDT TRX-USDT XRP-USDT ,
2023-01-06,1.7841992016347712,0.2881243874053564,ADA-USDT TRX-USDT XRP-USDT ,
2023-01-07,1.7754236911290977,0.2880002530300652,ADA-USDT TRX-USDT XRP-USDT ,
2023-01-08,1.8509015744684771,0.2912005392533261,ADA-USDT TRX-USDT XRP-USDT ,
2023-01-09,1.90318224423434,0.2919657511558062,ADA-USDT TRX-USDT XRP-USDT ,
2023-01-10,1.9222034673382355,0.2963716712431966,ADA-USDT TRX-USDT XRP-USDT ,
2023-01-11,1.9788055372035056,0.3049913582069103,ADA-USDT TRX-USDT XRP-USDT ,
2023-01-12,2.002634455290345,0.320334707087082,ADA-USDT TRX-USDT XRP-USDT ,
2023-01-13,2.0908284791325573,0.3388052219420554,ADA-USDT TRX-USDT XRP-USDT ,
2023-01-14,2.1412573226503406,0.3564663126512944,ADA-USDT TRX-USDT XRP-USDT ,
2023-01-15,2.125505744512098,0.35510423546488,ADA-USDT TRX-USDT XRP-USDT ,
2023-01-16,2.1260557428493074,0.3603008745181666,ADA-USDT TRX-USDT XRP-USDT ,
2023-01-17,2.1091551227608325,0.3593248042247812,ADA-USDT TRX-USDT XRP-USDT ,
2023-01-18,2.0207867504655987,0.3516573809619313,ADA-USDT TRX-USDT XRP-USDT ,
2023-01-19,2.0854570927612546,0.3582603094448867,ADA-USDT TRX-USDT XRP-USDT ,
2023-01-20,2.2096632018538047,0.385345409850891,ADA-USDT TRX-USDT XRP-USDT ,1.0
2023-01-21,2.188396877320874,0.3873995786913262,TRX-USDT XRP-USDT ADA-USDT ,
2023-01-22,2.198230341192768,0.3860851146899549,TRX-USDT XRP-USDT ADA-USDT ,
2023-01-23,2.2497479183705007,0.3896305965047787,TRX-USDT XRP-USDT ADA-USDT ,
2023-01-24,2.157922190411872,0.3847723511594781,TRX-USDT XRP-USDT ADA-USDT ,
2023-01-25,2.223436347283576,0.3921387910740186,TRX-USDT XRP-USDT ADA-USDT ,
2023-01-26,2.220872475957348,0.3911406146590058,TRX-USDT XRP-USDT ADA-USDT ,
2023-01-27,2.2724895836128,0.3922646259202043,TRX-USDT XRP-USDT ADA-USDT ,
2023-01-28,2.239428071368954,0.3913786805842221,TRX-USDT XRP-USDT ADA-USDT ,
2023-01-29,2.2895120826286344,0.403696891743256,TRX-USDT XRP-USDT ADA-USDT ,
2023-01-30,2.1850886406333365,0.3880457576311977,TRX-USDT XRP-USDT ADA-USDT ,
2023-01-31,2.2415153006252546,0.3931386679599258,TRX-USDT XRP-USDT ADA-USDT ,
2023-02-01,2.280287270228597,0.4035217432411325,TRX-USDT XRP-USDT ADA-USDT ,
2023-02-02,2.2855916776020564,0.3994933276922985,TRX-USDT XRP-USDT ADA-USDT ,
2023-02-03,2.3038343017076697,0.3983302056005289,TRX-USDT XRP-USDT ADA-USDT ,
2023-02-04,2.2887426630468246,0.3965940248173465,TRX-USDT XRP-USDT ADA-USDT ,
2023-02-05,2.255501845658008,0.3899043723187767,TRX-USDT XRP-USDT ADA-USDT ,
2023-02-06,2.2123900544891386,0.3869880647348805,TRX-USDT XRP-USDT ADA-USDT ,
2023-02-07,2.298101172979366,0.3950891080758024,TRX-USDT XRP-USDT ADA-USDT ,
2023-02-08,2.29245772129034,0.3903583980475815,TRX-USDT XRP-USDT ADA-USDT ,
2023-02-09,2.1471082421783234,0.370590423900181,TRX-USDT XRP-USDT ADA-USDT ,
2023-02-10,2.1457659505690736,0.3676180007767697,TRX-USDT XRP-USDT ADA-USDT ,
2023-02-11,2.17512512908749,0.3715749965480386,TRX-USDT XRP-USDT ADA-USDT ,
2023-02-12,2.1531703079641984,0.3702112188907299,TRX-USDT XRP-USDT ADA-USDT ,
2023-02-13,2.155965456534358,0.3701278958169044,TRX-USDT XRP-USDT ADA-USDT ,
2023-02-14,2.2458233553469418,0.3772902792241174,TRX-USDT XRP-USDT ADA-USDT ,
2023-02-15,2.3945330884263205,0.413768780850787,TRX-USDT XRP-USDT ADA-USDT ,
2023-02-16,2.2521273777176307,0.4000629854419226,TRX-USDT XRP-USDT ADA-USDT ,
2023-02-17,2.3451770862127344,0.4180012529069489,TRX-USDT XRP-USDT ADA-USDT ,
2023-02-18,2.34692949259558,0.4189433137824464,TRX-USDT XRP-USDT ADA-USDT ,
2023-02-19,2.3216432363110724,0.4126345667642222,TRX-USDT XRP-USDT ADA-USDT ,1.0
2023-02-20,2.373290511735056,0.4225653167875186,ADA-USDT TRX-USDT XRP-USDT ,
2023-02-21,2.3100979939886046,0.4156529026017825,ADA-USDT TRX-USDT XRP-USDT ,
2023-02-22,2.309591610199748,0.4110259212981198,ADA-USDT TRX-USDT XRP-USDT ,
2023-02-23,2.283160559428504,0.4069022793791997,ADA-USDT TRX-USDT XRP-USDT ,
2023-02-24,2.2126867768397624,0.3940943326025785,ADA-USDT TRX-USDT XRP-USDT ,
2023-02-25,2.203267026713783,0.3935943941596249,ADA-USDT TRX-USDT XRP-USDT ,
2023-02-26,2.235810053561914,0.4003809734991757,ADA-USDT TRX-USDT XRP-USDT ,
2023-02-27,2.228306058180338,0.3992705660051326,ADA-USDT TRX-USDT XRP-USDT ,
2023-02-28,2.1942157833458853,0.3933121159911548,ADA-USDT TRX-USDT XRP-USDT ,
2023-03-01,2.2338257247305244,0.4016478243155036,ADA-USDT TRX-USDT XRP-USDT ,
2023-03-02,2.2008573176184663,0.3988811581703146,ADA-USDT TRX-USDT XRP-USDT ,
2023-03-03,2.158495263171916,0.3799328109940147,ADA-USDT TRX-USDT XRP-USDT ,
2023-03-04,2.1336158464852386,0.3798120775605124,ADA-USDT TRX-USDT XRP-USDT ,
2023-03-05,2.1264796014703533,0.3812353716991253,ADA-USDT TRX-USDT XRP-USDT ,
2023-03-06,2.121259812522078,0.3808561666896742,ADA-USDT TRX-USDT XRP-USDT ,
2023-03-07,2.1305231240641374,0.377285177811434,ADA-USDT TRX-USDT XRP-USDT ,
2023-03-08,2.112902327448855,0.3689239624236692,ADA-USDT TRX-USDT XRP-USDT ,
2023-03-09,1.9869683830483773,0.3460169190052061,ADA-USDT TRX-USDT XRP-USDT ,
2023-03-10,1.9807817898517988,0.3424799395448539,ADA-USDT TRX-USDT XRP-USDT ,
2023-03-11,1.9657195996774093,0.3477003851906621,ADA-USDT TRX-USDT XRP-USDT ,
2023-03-12,2.0939482752033625,0.3738689317845844,ADA-USDT TRX-USDT XRP-USDT ,
2023-03-13,2.147308799798783,0.4101450773748208,ADA-USDT TRX-USDT XRP-USDT ,
2023-03-14,2.1477622491478705,0.4197187285102929,ADA-USDT TRX-USDT XRP-USDT ,
2023-03-15,2.063795378737253,0.413010370831885,ADA-USDT TRX-USDT XRP-USDT ,
2023-03-16,2.0751983854652885,0.4249544783941508,ADA-USDT TRX-USDT XRP-USDT ,
2023-03-17,2.182377833752723,0.4656569497225106,ADA-USDT TRX-USDT XRP-USDT ,
2023-03-18,2.1256179858352424,0.4575457035562227,ADA-USDT TRX-USDT XRP-USDT ,
2023-03-19,2.1728570543563483,0.475378541825796,ADA-USDT TRX-USDT XRP-USDT ,
2023-03-20,2.106394930361833,0.4711001570554853,ADA-USDT TRX-USDT XRP-USDT ,
2023-03-21,2.3934644159715988,0.4776809794168133,ADA-USDT TRX-USDT XRP-USDT ,1.0
2023-03-22,2.203755455245377,0.4631028424391218,ADA-USDT TRX-USDT XRP-USDT ,
2023-03-23,2.3321362663927903,0.4809628882430055,ADA-USDT TRX-USDT XRP-USDT ,
2023-03-24,2.2539781831502137,0.4665905082435365,ADA-USDT TRX-USDT XRP-USDT ,
2023-03-25,2.2683934676681794,0.4667333477986659,ADA-USDT TRX-USDT XRP-USDT ,
2023-03-26,2.2916124729242,0.4753547352332744,ADA-USDT TRX-USDT XRP-USDT ,
2023-03-27,2.314846412822414,0.4610316688897425,ADA-USDT TRX-USDT XRP-USDT ,
2023-03-28,2.432979140550576,0.4633732173113316,ADA-USDT TRX-USDT XRP-USDT ,
2023-03-29,2.509148235118965,0.4818879444095593,ADA-USDT TRX-USDT XRP-USDT ,
2023-03-30,2.486604674006374,0.4763869210661749,ADA-USDT TRX-USDT XRP-USDT ,
2023-03-31,2.5546683522081475,0.4838672925306409,ADA-USDT TRX-USDT XRP-USDT ,
2023-04-01,2.502731132624674,0.4836785402613623,ADA-USDT TRX-USDT XRP-USDT ,
2023-04-02,2.4789136315489726,0.4788730095137879,ADA-USDT TRX-USDT XRP-USDT ,
2023-04-03,2.4609876228276355,0.472494543188893,ADA-USDT TRX-USDT XRP-USDT ,
2023-04-04,2.4774643031163515,0.4787709812601236,ADA-USDT TRX-USDT XRP-USDT ,
2023-04-05,2.492911082858404,0.4787505756093909,ADA-USDT TRX-USDT XRP-USDT ,
2023-04-06,2.4680781005459385,0.4765195577959382,ADA-USDT TRX-USDT XRP-USDT ,
2023-04-07,2.484324528973282,0.4742732357444355,ADA-USDT TRX-USDT XRP-USDT ,
2023-04-08,2.47579150302457,0.4748547967903204,ADA-USDT TRX-USDT XRP-USDT ,
2023-04-09,2.491571927041351,0.4813931073792887,ADA-USDT TRX-USDT XRP-USDT ,
2023-04-10,2.5377556062937034,0.503732193519022,ADA-USDT TRX-USDT XRP-USDT ,
2023-04-11,2.53297598796421,0.5132888399455502,ADA-USDT TRX-USDT XRP-USDT ,
2023-04-12,2.5071915703286725,0.5080156797020154,ADA-USDT TRX-USDT XRP-USDT ,
2023-04-13,2.564948814085429,0.5163088762540045,ADA-USDT TRX-USDT XRP-USDT ,
2023-04-14,2.62242280809008,0.5178461019425421,ADA-USDT TRX-USDT XRP-USDT ,
2023-04-15,2.644683303202936,0.5149093887079131,ADA-USDT TRX-USDT XRP-USDT ,
2023-04-16,2.652566760269828,0.5150148179033658,ADA-USDT TRX-USDT XRP-USDT ,
2023-04-17,2.588879051208502,0.5002785371324948,ADA-USDT TRX-USDT XRP-USDT ,
2023-04-18,2.658658430024424,0.5163615908517307,ADA-USDT TRX-USDT XRP-USDT ,
2023-04-19,2.514177822692928,0.4896522945133887,ADA-USDT TRX-USDT XRP-USDT ,
2023-04-20,2.4505279725826186,0.4800412330182397,ADA-USDT TRX-USDT XRP-USDT ,1.0
2023-04-21,2.3625723061204384,0.4634208304963736,ADA-USDT TRX-USDT XRP-USDT ,
2023-04-22,2.444331911285889,0.4728533425476108,ADA-USDT TRX-USDT XRP-USDT ,
2023-04-23,2.4243435770233206,0.468921853839758,ADA-USDT TRX-USDT XRP-USDT ,
2023-04-24,2.3998389371789077,0.4675869841876542,ADA-USDT TRX-USDT XRP-USDT ,
2023-04-25,2.4340521911468604,0.4810071004862594,ADA-USDT TRX-USDT XRP-USDT ,
2023-04-26,2.4238942232141274,0.4828640147029444,ADA-USDT TRX-USDT XRP-USDT ,
2023-04-27,2.4587122615057284,0.5009417207813115,ADA-USDT TRX-USDT XRP-USDT ,
2023-04-28,2.4824086799426053,0.4982379720592156,ADA-USDT TRX-USDT XRP-USDT ,
2023-04-29,2.491894421885886,0.4967534609684047,ADA-USDT TRX-USDT XRP-USDT ,
2023-04-30,2.4540871711870733,0.4969286094705278,ADA-USDT TRX-USDT XRP-USDT ,
2023-05-01,2.443533719274656,0.4770569065985688,ADA-USDT TRX-USDT XRP-USDT ,
2023-05-02,2.461524783604035,0.4872954418537516,ADA-USDT TRX-USDT XRP-USDT ,
2023-05-03,2.465153707324156,0.4934494460205854,ADA-USDT TRX-USDT XRP-USDT ,
2023-05-04,2.4485707545145843,0.4901777400197599,ADA-USDT TRX-USDT XRP-USDT ,
2023-05-05,2.492729357852692,0.5014943738219924,ADA-USDT TRX-USDT XRP-USDT ,
2023-05-06,2.437327811566885,0.4903783955852993,ADA-USDT TRX-USDT XRP-USDT ,
2023-05-07,2.4034457067963357,0.4832636253631295,ADA-USDT TRX-USDT XRP-USDT ,
2023-05-08,2.3368680922320584,0.4703468484492668,ADA-USDT TRX-USDT XRP-USDT ,
2023-05-09,2.3398622027165352,0.4695034148856444,ADA-USDT TRX-USDT XRP-USDT ,
2023-05-10,2.358260298426377,0.4690391863314732,ADA-USDT TRX-USDT XRP-USDT ,
2023-05-11,2.3023695114106784,0.4583857361780566,ADA-USDT TRX-USDT XRP-USDT ,
2023-05-12,2.35832055727643,0.4554728295359495,ADA-USDT TRX-USDT XRP-USDT ,
2023-05-13,2.3386283524407463,0.4550919240556038,ADA-USDT TRX-USDT XRP-USDT ,
2023-05-14,2.3542957397927347,0.4574589795406086,ADA-USDT TRX-USDT XRP-USDT ,
2023-05-15,2.36044728928076,0.4617203596019754,ADA-USDT TRX-USDT XRP-USDT ,
2023-05-16,2.393635801311231,0.4595488582698265,ADA-USDT TRX-USDT XRP-USDT ,
2023-05-17,2.4266317226446428,0.4658576052880506,ADA-USDT TRX-USDT XRP-USDT ,
2023-05-18,2.4243145506643677,0.4558843434923943,ADA-USDT TRX-USDT XRP-USDT ,
2023-05-19,2.436580769090216,0.4569182297961896,ADA-USDT TRX-USDT XRP-USDT ,
2023-05-20,2.459009202768624,0.4606490629385035,ADA-USDT TRX-USDT XRP-USDT ,1.0
2023-05-21,2.453212070673856,0.4545834832581784,XRP-USDT ADA-USDT TRX-USDT ,
2023-05-22,2.5112549316712114,0.456409788998764,XRP-USDT ADA-USDT TRX-USDT ,
2023-05-23,2.5286275697393954,0.462696429895361,XRP-USDT ADA-USDT TRX-USDT ,
2023-05-24,2.4747055595418592,0.4474585102106422,XRP-USDT ADA-USDT TRX-USDT ,
2023-05-25,2.4615886269578726,0.4499752071343544,XRP-USDT ADA-USDT TRX-USDT ,
2023-05-26,2.482406249234041,0.453853981244481,XRP-USDT ADA-USDT TRX-USDT ,
2023-05-27,2.516674570316022,0.4564335955912859,XRP-USDT ADA-USDT TRX-USDT ,
2023-05-28,2.574671834366895,0.477079012720197,XRP-USDT ADA-USDT TRX-USDT ,
2023-05-29,2.572484787925561,0.471404541345584,XRP-USDT ADA-USDT TRX-USDT ,
2023-05-30,2.6175566228757887,0.4706920440408303,XRP-USDT ADA-USDT TRX-USDT ,
2023-05-31,2.5914371849475626,0.4625467884566541,XRP-USDT ADA-USDT TRX-USDT ,
2023-06-01,2.545479380630909,0.4558163246566184,XRP-USDT ADA-USDT TRX-USDT ,
2023-06-02,2.696471822773741,0.4630008141854587,XRP-USDT ADA-USDT TRX-USDT ,
2023-06-03,2.672763385878234,0.460060700009041,XRP-USDT ADA-USDT TRX-USDT ,
2023-06-04,2.7006675961692888,0.4608684236838809,XRP-USDT ADA-USDT TRX-USDT ,
2023-06-05,2.560692177263322,0.4372709890822913,XRP-USDT ADA-USDT TRX-USDT ,
2023-06-06,2.6003538541903555,0.4628936845191115,XRP-USDT ADA-USDT TRX-USDT ,
2023-06-07,2.494133149954317,0.4476642671888646,XRP-USDT ADA-USDT TRX-USDT ,
2023-06-08,2.5122697484408967,0.4503850206199046,XRP-USDT ADA-USDT TRX-USDT ,
2023-06-09,2.4140789110816008,0.4500823368007013,XRP-USDT ADA-USDT TRX-USDT ,
2023-06-10,2.28624313422194,0.4391738160131249,XRP-USDT ADA-USDT TRX-USDT ,
2023-06-11,2.312618870197188,0.4405903082681602,XRP-USDT ADA-USDT TRX-USDT ,
2023-06-12,2.336510642648172,0.4403335371631058,XRP-USDT ADA-USDT TRX-USDT ,
2023-06-13,2.3358433026542094,0.4407280464106066,XRP-USDT ADA-USDT TRX-USDT ,
2023-06-14,2.2307685527239123,0.4270885693666239,XRP-USDT ADA-USDT TRX-USDT ,
2023-06-15,2.2276939128838675,0.4350841835120929,XRP-USDT ADA-USDT TRX-USDT ,
2023-06-16,2.216908513452549,0.4478360147491989,XRP-USDT ADA-USDT TRX-USDT ,
2023-06-17,2.2439387342019828,0.4507761289256164,XRP-USDT ADA-USDT TRX-USDT ,
2023-06-18,2.2270128150045303,0.4477288850828517,XRP-USDT ADA-USDT TRX-USDT ,
2023-06-19,2.2431046509430894,0.4562108339041194,XRP-USDT ADA-USDT TRX-USDT ,1.0
2023-06-20,2.268250837274898,0.4810734188511427,TRX-USDT XRP-USDT ADA-USDT ,
2023-06-21,2.3425723815642523,0.5099457141671615,TRX-USDT XRP-USDT ADA-USDT ,
2023-06-22,2.342794016482205,0.5080156797020179,TRX-USDT XRP-USDT ADA-USDT ,
2023-06-23,2.375330672674557,0.5215922393229083,TRX-USDT XRP-USDT ADA-USDT ,
2023-06-24,2.3297337719911493,0.5190551367484634,TRX-USDT XRP-USDT ADA-USDT ,
2023-06-25,2.3528831881141303,0.5179294250163706,TRX-USDT XRP-USDT ADA-USDT ,
2023-06-26,2.3103682263412484,0.5145641931163532,TRX-USDT XRP-USDT ADA-USDT ,
2023-06-27,2.3409960511497983,0.5217588854705603,TRX-USDT XRP-USDT ADA-USDT ,
2023-06-28,2.249481648215031,0.5112686805230061,TRX-USDT XRP-USDT ADA-USDT ,
2023-06-29,2.295506569357737,0.5176216397844849,TRX-USDT XRP-USDT ADA-USDT ,
2023-06-30,2.345411863672803,0.5179668353760478,TRX-USDT XRP-USDT ADA-USDT ,
2023-07-01,2.372543036396561,0.5198951693702976,TRX-USDT XRP-USDT ADA-USDT ,
2023-07-02,2.3742237403713875,0.5205600534900082,TRX-USDT XRP-USDT ADA-USDT ,
2023-07-03,2.4098587072308697,0.5296796788966756,TRX-USDT XRP-USDT ADA-USDT ,
2023-07-04,2.3913839982554093,0.5229985287525781,TRX-USDT XRP-USDT ADA-USDT ,
2023-07-05,2.352888615770443,0.5184463681682691,TRX-USDT XRP-USDT ADA-USDT ,
2023-07-06,2.313844581488376,0.5080054768766523,TRX-USDT XRP-USDT ADA-USDT ,
2023-07-07,2.359556865157463,0.5157171123827566,TRX-USDT XRP-USDT ADA-USDT ,
2023-07-08,2.3932393378406727,0.5147206364386382,TRX-USDT XRP-USDT ADA-USDT ,
2023-07-09,2.344040241465835,0.5126545643019422,TRX-USDT XRP-USDT ADA-USDT ,
2023-07-10,2.368871317852642,0.5168904372998929,TRX-USDT XRP-USDT ADA-USDT ,
2023-07-11,2.377608559495838,0.5204869332415489,TRX-USDT XRP-USDT ADA-USDT ,
2023-07-12,2.365292527902548,0.5164143054494607,TRX-USDT XRP-USDT ADA-USDT ,
2023-07-13,3.122058314511462,0.534656957204584,TRX-USDT XRP-USDT ADA-USDT ,
2023-07-14,2.872659536907824,0.5151287494532937,TRX-USDT XRP-USDT ADA-USDT ,
2023-07-15,2.871669070824722,0.51484136987214,TRX-USDT XRP-USDT ADA-USDT ,
2023-07-16,2.875811264539931,0.5138278892190773,TRX-USDT XRP-USDT ADA-USDT ,
2023-07-17,2.857108526081261,0.5122855621178561,TRX-USDT XRP-USDT ADA-USDT ,
2023-07-18,2.909201718249243,0.5075157412590641,TRX-USDT XRP-USDT ADA-USDT ,
2023-07-19,3.0153457592896307,0.5083642762353697,TRX-USDT XRP-USDT ADA-USDT ,1.0
2023-07-20,2.96942902450442,0.5065872841507214,ADA-USDT TRX-USDT XRP-USDT ,
2023-07-21,2.926482213629021,0.5082945569286991,ADA-USDT TRX-USDT XRP-USDT ,
2023-07-22,2.914976404643612,0.5064597488336415,ADA-USDT TRX-USDT XRP-USDT ,
2023-07-23,2.93678875744292,0.5113452017132528,ADA-USDT TRX-USDT XRP-USDT ,
2023-07-24,2.8314820865811923,0.4959219307010443,ADA-USDT TRX-USDT XRP-USDT ,
2023-07-25,2.8408478982246863,0.4968146779206043,ADA-USDT TRX-USDT XRP-USDT ,
2023-07-26,2.865109538214074,0.4988501415812011,ADA-USDT TRX-USDT XRP-USDT ,
2023-07-27,2.869091258679709,0.4967024468415738,ADA-USDT TRX-USDT XRP-USDT ,
2023-07-28,2.9034946477300765,0.4982362715883228,ADA-USDT TRX-USDT XRP-USDT ,
2023-07-29,2.8910413116047744,0.4989028561789276,ADA-USDT TRX-USDT XRP-USDT ,
2023-07-30,2.84955225612724,0.4977465359707353,ADA-USDT TRX-USDT XRP-USDT ,
2023-07-31,2.7875445808733943,0.4968911991108521,ADA-USDT TRX-USDT XRP-USDT ,
2023-08-01,2.818760737192377,0.50506026128755,ADA-USDT TRX-USDT XRP-USDT ,
2023-08-02,2.72829477043752,0.4960290603673911,ADA-USDT TRX-USDT XRP-USDT ,
2023-08-03,2.6887505054388128,0.4962008079277255,ADA-USDT TRX-USDT XRP-USDT ,
2023-08-04,2.6549307037472984,0.4948557354502551,ADA-USDT TRX-USDT XRP-USDT ,
2023-08-05,2.657354369997925,0.4941177310820855,ADA-USDT TRX-USDT XRP-USDT ,
2023-08-06,2.639208055728733,0.4944272167848661,ADA-USDT TRX-USDT XRP-USDT ,
2023-08-07,2.6336061896025598,0.4965834138789655,ADA-USDT TRX-USDT XRP-USDT ,
2023-08-08,2.674756765267737,0.5060431334645129,ADA-USDT TRX-USDT XRP-USDT ,
2023-08-09,2.688939557943743,0.5028768566591405,ADA-USDT TRX-USDT XRP-USDT ,
2023-08-10,2.6679160790443346,0.5006815487344702,ADA-USDT TRX-USDT XRP-USDT ,
2023-08-11,2.655284080881161,0.5002020159422493,ADA-USDT TRX-USDT XRP-USDT ,
2023-08-12,2.6496444383742257,0.5002904404287583,ADA-USDT TRX-USDT XRP-USDT ,
2023-08-13,2.6339523238767173,0.4981240405092926,ADA-USDT TRX-USDT XRP-USDT ,
2023-08-14,2.65293949849278,0.5002700347780257,ADA-USDT TRX-USDT XRP-USDT ,
2023-08-15,2.5824066969171824,0.4963470484246449,ADA-USDT TRX-USDT XRP-USDT ,
2023-08-16,2.513160676606488,0.488280014501611,ADA-USDT TRX-USDT XRP-USDT ,
2023-08-17,2.324369102637499,0.4524902035871731,ADA-USDT TRX-USDT XRP-USDT ,
2023-08-18,2.355622865945234,0.4428383307905582,ADA-USDT TRX-USDT XRP-USDT ,1.0
2023-08-19,2.4046856597522046,0.4436239483437709,ADA-USDT TRX-USDT XRP-USDT ,
2023-08-20,2.457369256874658,0.4451135608472655,ADA-USDT TRX-USDT XRP-USDT ,
2023-08-21,2.404137347938314,0.4440847759561532,ADA-USDT TRX-USDT XRP-USDT ,
2023-08-22,2.390106285554638,0.4428774416211293,ADA-USDT TRX-USDT XRP-USDT ,
2023-08-23,2.455708215807592,0.449250806533341,ADA-USDT TRX-USDT XRP-USDT ,
2023-08-24,2.4208187215429944,0.4449214076361983,ADA-USDT TRX-USDT XRP-USDT ,
2023-08-25,2.4246014255457813,0.4430015759964206,ADA-USDT TRX-USDT XRP-USDT ,
2023-08-26,2.421729165393574,0.4421955527924751,ADA-USDT TRX-USDT XRP-USDT ,
2023-08-27,2.430839093232997,0.4436137455184046,ADA-USDT TRX-USDT XRP-USDT ,
2023-08-28,2.429734465195408,0.4439334340465517,ADA-USDT TRX-USDT XRP-USDT ,
2023-08-29,2.4813743772021555,0.4710321382197108,ADA-USDT TRX-USDT XRP-USDT ,
2023-08-30,2.423394562753041,0.464065308965354,ADA-USDT TRX-USDT XRP-USDT ,
2023-08-31,2.3789951948078105,0.4408980935000475,ADA-USDT TRX-USDT XRP-USDT ,
2023-09-01,2.350381361429372,0.4386466700358619,ADA-USDT TRX-USDT XRP-USDT ,
2023-09-02,2.3655229218157863,0.4396703535142908,ADA-USDT TRX-USDT XRP-USDT ,
2023-09-03,2.373790300809672,0.4414779540750381,ADA-USDT TRX-USDT XRP-USDT ,
2023-09-04,2.386421435134612,0.4389595566804316,ADA-USDT TRX-USDT XRP-USDT ,
2023-09-05,2.38557272057516,0.4383762951636521,ADA-USDT TRX-USDT XRP-USDT ,
2023-09-06,2.397843204127548,0.4378270430647608,ADA-USDT TRX-USDT XRP-USDT ,
2023-09-07,2.403507640590508,0.4462154659868363,ADA-USDT TRX-USDT XRP-USDT ,
2023-09-08,2.3926763353169087,0.4404185607078265,ADA-USDT TRX-USDT XRP-USDT ,
2023-09-09,2.38739380805941,0.4402961268034295,ADA-USDT TRX-USDT XRP-USDT ,
2023-09-10,2.3551715964648645,0.4392044244892247,ADA-USDT TRX-USDT XRP-USDT ,
2023-09-11,2.291295315992756,0.4276752318251923,ADA-USDT TRX-USDT XRP-USDT ,
2023-09-12,2.345016856543116,0.4391602122459701,ADA-USDT TRX-USDT XRP-USDT ,
2023-09-13,2.363862543655048,0.4456917209513608,ADA-USDT TRX-USDT XRP-USDT ,
2023-09-14,2.4086325341759385,0.4507999355181385,ADA-USDT TRX-USDT XRP-USDT ,
2023-09-15,2.4268102375292866,0.4521739160008138,ADA-USDT TRX-USDT XRP-USDT ,
2023-09-16,2.4193855774696,0.4514223078654888,ADA-USDT TRX-USDT XRP-USDT ,
2023-09-17,2.396067159991334,0.4508662538830199,ADA-USDT TRX-USDT XRP-USDT ,1.0
2023-09-18,2.4328829592118497,0.4548742637811208,ADA-USDT TRX-USDT XRP-USDT ,
2023-09-19,2.467218918991225,0.4624600644410397,ADA-USDT TRX-USDT XRP-USDT ,
2023-09-20,2.467978391265172,0.4609585486412843,ADA-USDT TRX-USDT XRP-USDT ,
2023-09-21,2.410025367875088,0.4515192347064696,ADA-USDT TRX-USDT XRP-USDT ,
2023-09-22,2.4217241050232,0.4517590011025799,ADA-USDT TRX-USDT XRP-USDT ,
2023-09-23,2.420534371326221,0.4516977841503816,ADA-USDT TRX-USDT XRP-USDT ,
2023-09-24,2.4000606696379565,0.4460743269026004,ADA-USDT TRX-USDT XRP-USDT ,
2023-09-25,2.4261953315320115,0.4470623004922467,ADA-USDT TRX-USDT XRP-USDT ,
2023-09-26,2.41963459262612,0.4456730157715221,ADA-USDT TRX-USDT XRP-USDT ,
2023-09-27,2.4211175923422954,0.4482373258802776,ADA-USDT TRX-USDT XRP-USDT ,
2023-09-28,2.463506265803973,0.4593277970535549,ADA-USDT TRX-USDT XRP-USDT ,
2023-09-29,2.50587462949781,0.4572719277422254,ADA-USDT TRX-USDT XRP-USDT ,
2023-09-30,2.5052265442641195,0.4582922102788658,ADA-USDT TRX-USDT XRP-USDT ,
2023-10-01,2.574179131813625,0.4758155628456589,ADA-USDT TRX-USDT XRP-USDT ,
2023-10-02,2.5065126307127965,0.4672485904796714,ADA-USDT TRX-USDT XRP-USDT ,
2023-10-03,2.586580647297072,0.466133081572945,ADA-USDT TRX-USDT XRP-USDT ,
2023-10-04,2.553198021118019,0.4720473193436682,ADA-USDT TRX-USDT XRP-USDT ,
2023-10-05,2.5345607526991927,0.4659018175313064,ADA-USDT TRX-USDT XRP-USDT ,
2023-10-06,2.5437530730460667,0.4747085562934041,ADA-USDT TRX-USDT XRP-USDT ,
2023-10-07,2.526351151646803,0.4751625820222089,ADA-USDT TRX-USDT XRP-USDT ,
2023-10-08,2.511709936632569,0.4744517851883495,ADA-USDT TRX-USDT XRP-USDT ,
2023-10-09,2.453320963528203,0.4689609646703315,ADA-USDT TRX-USDT XRP-USDT ,
2023-10-10,2.4368783716083784,0.4656093365374689,ADA-USDT TRX-USDT XRP-USDT ,
2023-10-11,2.4194507288527825,0.4568230034261038,ADA-USDT TRX-USDT XRP-USDT ,
2023-10-12,2.391771476530381,0.4547739359983518,ADA-USDT TRX-USDT XRP-USDT ,
2023-10-13,2.4016647006319194,0.4565730342046271,ADA-USDT TRX-USDT XRP-USDT ,
2023-10-14,2.402119272359843,0.456343470633883,ADA-USDT TRX-USDT XRP-USDT ,
2023-10-15,2.420698337701565,0.4615043997983871,ADA-USDT TRX-USDT XRP-USDT ,
2023-10-16,2.4711975046261663,0.4844012403914839,ADA-USDT TRX-USDT XRP-USDT ,
2023-10-17,2.4417237972620343,0.4826259487777306,ADA-USDT TRX-USDT XRP-USDT ,1.0
2023-10-18,2.430237462076928,0.4813539965487192,XRP-USDT ADA-USDT TRX-USDT ,
2023-10-19,2.504831047301892,0.4879824320950909,XRP-USDT ADA-USDT TRX-USDT ,
2023-10-20,2.517362333911285,0.5042406343164493,XRP-USDT ADA-USDT TRX-USDT ,
2023-10-21,2.559702928115517,0.5083625757644744,XRP-USDT ADA-USDT TRX-USDT ,
2023-10-22,2.5691882199424354,0.5098266812045533,XRP-USDT ADA-USDT TRX-USDT ,
2023-10-23,2.684389472419797,0.5624137436138749,XRP-USDT ADA-USDT TRX-USDT ,
2023-10-24,2.698332570923541,0.5767487132536672,XRP-USDT ADA-USDT TRX-USDT ,
2023-10-25,2.7087281946736352,0.5864533006480082,XRP-USDT ADA-USDT TRX-USDT ,
2023-10-26,2.720793902733658,0.5807788292733955,XRP-USDT ADA-USDT TRX-USDT ,
2023-10-27,2.717098087668198,0.5763423007099058,XRP-USDT ADA-USDT TRX-USDT ,
2023-10-28,2.731388355524663,0.5796327118905701,XRP-USDT ADA-USDT TRX-USDT ,
2023-10-29,2.7716224236568805,0.5871487932438182,XRP-USDT ADA-USDT TRX-USDT ,
2023-10-30,2.8405455989490305,0.586386982283127,XRP-USDT ADA-USDT TRX-USDT ,
2023-10-31,2.856581898614577,0.5892369715021416,XRP-USDT ADA-USDT TRX-USDT ,
2023-11-01,2.947790616827063,0.6026026727321259,XRP-USDT ADA-USDT TRX-USDT ,
2023-11-02,2.985555540647441,0.5941462309742744,XRP-USDT ADA-USDT TRX-USDT ,
2023-11-03,2.997587248210813,0.5900702022403974,XRP-USDT ADA-USDT TRX-USDT ,
2023-11-04,3.002734625312056,0.596350041253417,XRP-USDT ADA-USDT TRX-USDT ,
2023-11-05,3.128391853698212,0.5955984331180925,XRP-USDT ADA-USDT TRX-USDT ,
2023-11-06,3.283319621979963,0.5961408833334059,XRP-USDT ADA-USDT TRX-USDT ,
2023-11-07,3.185884345726426,0.6020772272257562,XRP-USDT ADA-USDT TRX-USDT ,
2023-11-08,3.2280015414649013,0.6058216641352248,XRP-USDT ADA-USDT TRX-USDT ,
2023-11-09,3.2339485886913883,0.6244044100692289,XRP-USDT ADA-USDT TRX-USDT ,
2023-11-10,3.34835659390788,0.6347925867631186,XRP-USDT ADA-USDT TRX-USDT ,
2023-11-11,3.366549070358782,0.6319306942478433,XRP-USDT ADA-USDT TRX-USDT ,
2023-11-12,3.3643072776265743,0.6306281335427331,XRP-USDT ADA-USDT TRX-USDT ,
2023-11-13,3.2751220023098924,0.6204372114725936,XRP-USDT ADA-USDT TRX-USDT ,
2023-11-14,3.167712272155208,0.6046704453397164,XRP-USDT ADA-USDT TRX-USDT ,
2023-11-15,3.2852691279933586,0.644233601168828,XRP-USDT ADA-USDT TRX-USDT ,
2023-11-16,3.1814918281823887,0.6151623507581644,XRP-USDT ADA-USDT TRX-USDT ,1.0
2023-11-17,3.188264012334584,0.6227447504762944,XRP-USDT ADA-USDT TRX-USDT ,
2023-11-18,3.20475411602171,0.6220475574095905,XRP-USDT ADA-USDT TRX-USDT ,
2023-11-19,3.256521231959968,0.635566301020071,XRP-USDT ADA-USDT TRX-USDT ,
2023-11-20,3.195134670429705,0.6370389088146216,XRP-USDT ADA-USDT TRX-USDT ,
2023-11-21,3.018383799407299,0.6076972835317483,XRP-USDT ADA-USDT TRX-USDT ,
2023-11-22,3.1955935789254983,0.6362039776054709,XRP-USDT ADA-USDT TRX-USDT ,
2023-11-23,3.2421344650517243,0.6341787167702404,XRP-USDT ADA-USDT TRX-USDT ,
2023-11-24,3.2639768151070614,0.6411846568551691,XRP-USDT ADA-USDT TRX-USDT ,
2023-11-25,3.335239858303522,0.6422100408044925,XRP-USDT ADA-USDT TRX-USDT ,
2023-11-26,3.292214694698238,0.6366205929745996,XRP-USDT ADA-USDT TRX-USDT ,
2023-11-27,3.181401507133768,0.6331584342336011,XRP-USDT ADA-USDT TRX-USDT ,
2023-11-28,3.2282832970822954,0.6429837550614451,XRP-USDT ADA-USDT TRX-USDT ,
2023-11-29,3.21972380198292,0.6434088727850452,XRP-USDT ADA-USDT TRX-USDT ,
2023-11-30,3.1988578463574786,0.6413632062990825,XRP-USDT ADA-USDT TRX-USDT ,
2023-12-01,3.2299913683510626,0.6574020477750636,XRP-USDT ADA-USDT TRX-USDT ,
2023-12-02,3.2850872496287526,0.6705806972066637,XRP-USDT ADA-USDT TRX-USDT ,
2023-12-03,3.279868639569076,0.6798431621684611,XRP-USDT ADA-USDT TRX-USDT ,
2023-12-04,3.32493895961485,0.7140804431563117,XRP-USDT ADA-USDT TRX-USDT ,
2023-12-05,3.3694646958900134,0.7495964782567512,XRP-USDT ADA-USDT TRX-USDT ,
2023-12-06,3.463545161354825,0.7443777330818376,XRP-USDT ADA-USDT TRX-USDT ,
2023-12-07,3.499324115959631,0.7362358784394499,XRP-USDT ADA-USDT TRX-USDT ,
2023-12-08,3.833803420433685,0.7517696800597945,XRP-USDT ADA-USDT TRX-USDT ,
2023-12-09,3.904801750187621,0.7436890423696054,XRP-USDT ADA-USDT TRX-USDT ,
2023-12-10,3.967876065355332,0.7449762988366663,XRP-USDT ADA-USDT TRX-USDT ,
2023-12-11,3.724847801147787,0.7018013428278488,XRP-USDT ADA-USDT TRX-USDT ,
2023-12-12,3.803380842998945,0.7059504918101847,XRP-USDT ADA-USDT TRX-USDT ,
2023-12-13,4.080173676342602,0.7290768959740254,XRP-USDT ADA-USDT TRX-USDT ,
2023-12-14,4.035374475363014,0.7317534371618114,XRP-USDT ADA-USDT TRX-USDT ,
2023-12-15,3.8371232816968575,0.7136536249618168,XRP-USDT ADA-USDT TRX-USDT ,
2023-12-16,3.879761993794773,0.7190849289985306,XRP-USDT ADA-USDT TRX-USDT ,1.0
2023-12-17,3.7913388561778665,0.7039354338003204,ADA-USDT TRX-USDT XRP-USDT ,
2023-12-18,3.827160654082574,0.7256198386457102,ADA-USDT TRX-USDT XRP-USDT ,
2023-12-19,3.75124876668576,0.719270280326021,ADA-USDT TRX-USDT XRP-USDT ,
2023-12-20,3.834513317350732,0.7432571227624283,ADA-USDT TRX-USDT XRP-USDT ,
2023-12-21,3.972022591047296,0.746443805218534,ADA-USDT TRX-USDT XRP-USDT ,
2023-12-22,3.9520900117422615,0.7481935897688713,ADA-USDT TRX-USDT XRP-USDT ,
2023-12-23,3.94224478789219,0.7435342995182149,ADA-USDT TRX-USDT XRP-USDT ,
2023-12-24,3.874934799725959,0.7313453241471549,ADA-USDT TRX-USDT XRP-USDT ,
2023-12-25,4.010333272078913,0.7416076659948592,ADA-USDT TRX-USDT XRP-USDT ,
2023-12-26,3.890593176100664,0.7233548114143687,ADA-USDT TRX-USDT XRP-USDT ,
2023-12-27,3.9990618767770223,0.7389192215108124,ADA-USDT TRX-USDT XRP-USDT ,
2023-12-28,3.962712859903921,0.7244023014853188,ADA-USDT TRX-USDT XRP-USDT ,
2023-12-29,3.923423324736957,0.7158149234685985,ADA-USDT TRX-USDT XRP-USDT ,
2023-12-30,3.907807036695545,0.717159995946069,ADA-USDT TRX-USDT XRP-USDT ,
2023-12-31,3.902349764149576,0.7195372542564402,ADA-USDT TRX-USDT XRP-USDT ,
2024-01-01,3.9978347569476007,0.7521216775349339,ADA-USDT TRX-USDT XRP-USDT ,
2024-01-02,3.955677222385413,0.7648684073593566,ADA-USDT TRX-USDT XRP-USDT ,
2024-01-03,3.7423860273066345,0.7286432758959523,ADA-USDT TRX-USDT XRP-USDT ,
2024-01-04,3.781043166578674,0.7506524706821719,ADA-USDT TRX-USDT XRP-USDT ,
2024-01-05,3.6640587587635793,0.7506796782164822,ADA-USDT TRX-USDT XRP-USDT ,
2024-01-06,3.603185231398047,0.7474708896387493,ADA-USDT TRX-USDT XRP-USDT ,
2024-01-07,3.4928735132127726,0.7467941022227783,ADA-USDT TRX-USDT XRP-USDT ,
2024-01-08,3.6654566928439527,0.7987570918138553,ADA-USDT TRX-USDT XRP-USDT ,
2024-01-09,3.564244628240016,0.7841551482436421,ADA-USDT TRX-USDT XRP-USDT ,
2024-01-10,3.78086285134322,0.7934890329830041,ADA-USDT TRX-USDT XRP-USDT ,
2024-01-11,3.829143162150288,0.7879608021053096,ADA-USDT TRX-USDT XRP-USDT ,
2024-01-12,3.69774411166204,0.7276127905339462,ADA-USDT TRX-USDT XRP-USDT ,
2024-01-13,3.803630412194713,0.7285905612982262,ADA-USDT TRX-USDT XRP-USDT ,
2024-01-14,3.71785802569501,0.7096898273069694,ADA-USDT TRX-USDT XRP-USDT ,
2024-01-15,3.689906581199069,0.7229552007541838,ADA-USDT TRX-USDT XRP-USDT ,1.0
2024-01-16,3.701393895848781,0.7334641108815763,ADA-USDT TRX-USDT XRP-USDT ,
2024-01-17,3.673612386230456,0.7275192646347539,ADA-USDT TRX-USDT XRP-USDT ,
2024-01-18,3.5749578941219364,0.7026872881638296,ADA-USDT TRX-USDT XRP-USDT ,
2024-01-19,3.5883788164595907,0.7084535849667404,ADA-USDT TRX-USDT XRP-USDT ,
2024-01-20,3.6308131360646567,0.7089569243514828,ADA-USDT TRX-USDT XRP-USDT ,
2024-01-21,3.5731189764365325,0.7070557978915433,ADA-USDT TRX-USDT XRP-USDT ,
2024-01-22,3.480363852911662,0.67282531878727,ADA-USDT TRX-USDT XRP-USDT ,
2024-01-23,3.4321116315389832,0.6783178397761819,ADA-USDT TRX-USDT XRP-USDT ,
2024-01-24,3.4498417821469647,0.6815266283539146,ADA-USDT TRX-USDT XRP-USDT ,
2024-01-25,3.454691485659933,0.6793942378523373,ADA-USDT TRX-USDT XRP-USDT ,
2024-01-26,3.5620431740675773,0.710905663996465,ADA-USDT TRX-USDT XRP-USDT ,
2024-01-27,3.5375779802205933,0.7159356569021001,ADA-USDT TRX-USDT XRP-USDT ,
2024-01-28,3.531970299504244,0.7145582754776358,ADA-USDT TRX-USDT XRP-USDT ,
2024-01-29,3.647782234235764,0.736094739355213,ADA-USDT TRX-USDT XRP-USDT ,
2024-01-30,3.555731447831126,0.7298131998712996,ADA-USDT TRX-USDT XRP-USDT ,
2024-01-31,3.5043089103271776,0.723728915011136,ADA-USDT TRX-USDT XRP-USDT ,
2024-02-01,3.572138678460938,0.7324370264613584,ADA-USDT TRX-USDT XRP-USDT ,
2024-02-02,3.604152227856128,0.734297341619832,ADA-USDT TRX-USDT XRP-USDT ,
2024-02-03,3.629337052534785,0.7310732488040494,ADA-USDT TRX-USDT XRP-USDT ,
2024-02-04,3.564723758000961,0.7238955611587867,ADA-USDT TRX-USDT XRP-USDT ,
2024-02-05,3.5799338423200195,0.7259803384753208,ADA-USDT TRX-USDT XRP-USDT ,
2024-02-06,3.6095282778547655,0.732547557069494,ADA-USDT TRX-USDT XRP-USDT ,
2024-02-07,3.6667390285951513,0.7537541295935567,ADA-USDT TRX-USDT XRP-USDT ,
2024-02-08,3.714142772560896,0.769787869656855,ADA-USDT TRX-USDT XRP-USDT ,
2024-02-09,3.7844672973591416,0.8011955670764239,ADA-USDT TRX-USDT XRP-USDT ,
2024-02-10,3.813080316759992,0.8116789701404004,ADA-USDT TRX-USDT XRP-USDT ,
2024-02-11,3.791638425079993,0.8213852580056362,ADA-USDT TRX-USDT XRP-USDT ,
2024-02-12,3.8551887710836654,0.8492763816155856,ADA-USDT TRX-USDT XRP-USDT ,
2024-02-13,3.829592322433653,0.8450728175646289,ADA-USDT TRX-USDT XRP-USDT ,
2024-02-14,3.9633436079705113,0.8812384325467286,ADA-USDT TRX-USDT XRP-USDT ,1.0
2024-02-15,4.111267385285921,0.8825188871302119,TRX-USDT ADA-USDT XRP-USDT ,
2024-02-16,4.1120363444723855,0.8867717648371064,TRX-USDT ADA-USDT XRP-USDT ,
2024-02-17,4.132579201867809,0.8787931554005812,TRX-USDT ADA-USDT XRP-USDT ,
2024-02-18,4.165965011992615,0.8872359933912772,TRX-USDT ADA-USDT XRP-USDT ,
2024-02-19,4.217593227558491,0.8810785882826545,TRX-USDT ADA-USDT XRP-USDT ,
2024-02-20,4.2253693490501,0.889302065527973,TRX-USDT ADA-USDT XRP-USDT ,
2024-02-21,4.144619546705726,0.8821668896550703,TRX-USDT ADA-USDT XRP-USDT ,
2024-02-22,4.087071095670545,0.8726289484083806,TRX-USDT ADA-USDT XRP-USDT ,
2024-02-23,4.054544913480351,0.8633613820339008,TRX-USDT ADA-USDT XRP-USDT ,
2024-02-24,4.106881412865578,0.8774786913992099,TRX-USDT ADA-USDT XRP-USDT ,
2024-02-25,4.091797659260593,0.8802470580152931,TRX-USDT ADA-USDT XRP-USDT ,
2024-02-26,4.1980404763678285,0.9269538920717796,TRX-USDT ADA-USDT XRP-USDT ,
2024-02-27,4.327406640608229,0.9705352606243588,TRX-USDT ADA-USDT XRP-USDT ,
2024-02-28,4.3026773018455,1.0625885520218117,TRX-USDT ADA-USDT XRP-USDT ,
2024-02-29,4.372354237038045,1.040744302912349,TRX-USDT ADA-USDT XRP-USDT ,
2024-03-01,4.569425208371713,1.0616141821993212,TRX-USDT ADA-USDT XRP-USDT ,
2024-03-02,4.722882810169002,1.054970442414901,TRX-USDT ADA-USDT XRP-USDT ,
2024-03-03,4.641577017236811,1.0743320040185391,TRX-USDT ADA-USDT XRP-USDT ,
2024-03-04,4.785938800334724,1.1613604039230403,TRX-USDT ADA-USDT XRP-USDT ,
2024-03-05,4.420400809528596,1.0840059829367823,TRX-USDT ADA-USDT XRP-USDT ,
2024-03-06,4.592355908816462,1.1244890935197642,TRX-USDT ADA-USDT XRP-USDT ,
2024-03-07,4.641261135022077,1.1371048870853175,TRX-USDT ADA-USDT XRP-USDT ,
2024-03-08,4.57006339921961,1.159384456743747,TRX-USDT ADA-USDT XRP-USDT ,
2024-03-09,4.606462920630292,1.162443603882773,TRX-USDT ADA-USDT XRP-USDT ,
2024-03-10,4.4985780064129965,1.173355525612138,TRX-USDT ADA-USDT XRP-USDT ,
2024-03-11,4.918983393319291,1.226954368203627,TRX-USDT ADA-USDT XRP-USDT ,
2024-03-12,4.743564606064218,1.2158911045646608,TRX-USDT ADA-USDT XRP-USDT ,
2024-03-13,4.789284751848786,1.2435135537732958,TRX-USDT ADA-USDT XRP-USDT ,
2024-03-14,4.681366519611443,1.2150799799480323,TRX-USDT ADA-USDT XRP-USDT ,
2024-03-15,4.5127668126298754,1.1827149174149154,TRX-USDT ADA-USDT XRP-USDT ,1.0
2024-03-16,4.284653672694136,1.1112747341993807,TRX-USDT ADA-USDT XRP-USDT ,
2024-03-17,4.381083513595499,1.163936617328056,TRX-USDT ADA-USDT XRP-USDT ,
2024-03-18,4.373669721163966,1.150538607151078,TRX-USDT ADA-USDT XRP-USDT ,
2024-03-19,3.935193675263152,1.0538515325663849,TRX-USDT ADA-USDT XRP-USDT ,
2024-03-20,4.2083246481398,1.1542184261665598,TRX-USDT ADA-USDT XRP-USDT ,
2024-03-21,4.268603132587968,1.1144869237189023,TRX-USDT ADA-USDT XRP-USDT ,
2024-03-22,4.118490860753347,1.0853425530597802,TRX-USDT ADA-USDT XRP-USDT ,
2024-03-23,4.157839423506256,1.0886465680075998,TRX-USDT ADA-USDT XRP-USDT ,
2024-03-24,4.269294797945688,1.1437520278115278,TRX-USDT ADA-USDT XRP-USDT ,
2024-03-25,4.310617604459606,1.1889777517189926,TRX-USDT ADA-USDT XRP-USDT ,
2024-03-26,4.312499503649588,1.191079533744471,TRX-USDT ADA-USDT XRP-USDT ,
2024-03-27,4.213315898081033,1.1823816251196149,TRX-USDT ADA-USDT XRP-USDT ,
2024-03-28,4.22756313570584,1.186029135188103,TRX-USDT ADA-USDT XRP-USDT ,
